orthogroup_id	species_id	sequence_id
OG0009264	Acropora_acuminata_SLJPv1	Acropora_acuminata_SLJPv1___s0150.g1.t1
OG0009264	Acropora_awi_SLJPv1	Acropora_awi_SLJPv1___s0156.g2.t1
OG0009264	Acropora_cytherea_SLJPv1	Acropora_cytherea_SLJPv1___s0132.g33.t1
OG0009264	Acropora_cytherea_SLJPv1	Acropora_cytherea_SLJPv1___s0132.g34.t1
OG0009264	Acropora_cytherea_SLJPv1	Acropora_cytherea_SLJPv1___s0132.g35.t1
OG0009264	Acropora_cytherea_SLJPv1	Acropora_cytherea_SLJPv1___s0132.g38.t1
OG0009264	Acropora_cytherea_SLJPv1	Acropora_cytherea_SLJPv1___s0132.g39.t1
OG0009264	Acropora_cytherea_SLJPv1	Acropora_cytherea_SLJPv1___s0132.g40.t1
OG0009264	Acropora_cytherea_SLJPv1	Acropora_cytherea_SLJPv1___s0132.g41.t1
OG0009264	Acropora_gemmifera_SLJPv1	Acropora_gemmifera_SLJPv1___s0127.g65.t1
OG0009264	Acropora_gemmifera_SLJPv1	Acropora_gemmifera_SLJPv1___s0190.g1.t1
OG0009264	Acropora_hyacinthus_SLJPv1	Acropora_hyacinthus_SLJPv1___s0023.g44.t1
OG0009264	Acropora_hyacinthus_SLJPv1	Acropora_hyacinthus_SLJPv1___s0023.g45.t1
OG0009264	Acropora_intermedia_SLJPv1	Acropora_intermedia_SLJPv1___s0195.g2.t1
OG0009264	Acropora_intermedia_SLJPv1	Acropora_intermedia_SLJPv1___s0558.g1.t1
OG0009264	Acropora_intermedia_SLJPv1	Acropora_intermedia_SLJPv1___s1404.g1.t1
OG0009264	Acropora_microphthalma_SLJPv1	Acropora_microphthalma_SLJPv1___s0098.g50.t1
OG0009264	Acropora_microphthalma_SLJPv1	Acropora_microphthalma_SLJPv1___s0098.g51.t1
OG0009264	Acropora_microphthalma_SLJPv1	Acropora_microphthalma_SLJPv1___s0098.g52.t2
OG0009264	Acropora_millepora_JSIDv2.1	Acropora_millepora_JSIDv2.1___XP_029203403.2
OG0009264	Acropora_millepora_JSIDv2.1	Acropora_millepora_JSIDv2.1___XP_044168504.1
OG0009264	Acropora_millepora_JSIDv2.1	Acropora_millepora_JSIDv2.1___XP_044170224.1
OG0009264	Acropora_millepora_JSIDv2.1	Acropora_millepora_JSIDv2.1___XP_044170227.1
OG0009264	Acropora_millepora_JSIDv2.1	Acropora_millepora_JSIDv2.1___XP_044170228.1
OG0009264	Acropora_millepora_JSIDv2.1	Acropora_millepora_JSIDv2.1___XP_044170229.1
OG0009264	Acropora_millepora_JSIDv2.1	Acropora_millepora_JSIDv2.1___XP_044170230.1
OG0009264	Acropora_millepora_JSIDv2.1	Acropora_millepora_JSIDv2.1___XP_044170231.1
OG0009264	Acropora_millepora_JSIDv2.1	Acropora_millepora_JSIDv2.1___XP_044170232.1
OG0009264	Acropora_millepora_JSIDv2.1	Acropora_millepora_JSIDv2.1___XP_044175981.1
OG0009264	Acropora_millepora_JSIDv2.1	Acropora_millepora_JSIDv2.1___XP_044175985.1
OG0009264	Acropora_millepora_JSIDv2.1	Acropora_millepora_JSIDv2.1___XP_044175986.1
OG0009264	Acropora_millepora_JSIDv2.1	Acropora_millepora_JSIDv2.1___XP_044175990.1
OG0009264	Acropora_millepora_JSIDv2.1	Acropora_millepora_JSIDv2.1___XP_044176075.1
OG0009264	Acropora_millepora_JSIDv2.1	Acropora_millepora_JSIDv2.1___XP_044176116.1
OG0009264	Acropora_millepora_JSIDv2.1	Acropora_millepora_JSIDv2.1___XP_044176117.1
OG0009264	Acropora_millepora_JSIDv2.1	Acropora_millepora_JSIDv2.1___XP_044176481.1
OG0009264	Acropora_millepora_JSIDv2.1	Acropora_millepora_JSIDv2.1___XP_044176603.1
OG0009264	Acropora_millepora_JSIDv2.1	Acropora_millepora_JSIDv2.1___XP_044177069.1
OG0009264	Acropora_millepora_JSIDv2.1	Acropora_millepora_JSIDv2.1___XP_044177195.1
OG0009264	Acropora_millepora_JSIDv2.1	Acropora_millepora_JSIDv2.1___XP_044177605.1
OG0009264	Acropora_millepora_JSIDv2.1	Acropora_millepora_JSIDv2.1___XP_044177759.1
OG0009264	Acropora_muricata_SLJPv1	Acropora_muricata_SLJPv1___s0147.g1.t1
OG0009264	Acropora_muricata_SLJPv1	Acropora_muricata_SLJPv1___s0147.g2.t1
OG0009264	Acropora_nasuta_SLJPv1	Acropora_nasuta_SLJPv1___s0176.g50.t1
OG0009264	Acropora_selago_SLJPv1	Acropora_selago_SLJPv1___s0336.g17.t1
OG0009264	Acropora_selago_SLJPv1	Acropora_selago_SLJPv1___s0373.g7.t1
OG0009264	Astreopora_myriophthalma_SLJPv2	Astreopora_myriophthalma_SLJPv2___sc0000048.g0055.t1
OG0009264	Fungia_spp_REEFv1	Fungia_spp_REEFv1___m4.12790.m1
OG0009264	Galaxea_fascicularis_REEFv1	Galaxea_fascicularis_REEFv1___m1.19047.m1
OG0009264	Montastraea_cavernosa_REEFv1	Montastraea_cavernosa_REEFv1___25682
OG0009264	Montastrea_cavernosa_FGUSv2	Montastrea_cavernosa_FGUSv2___20807-RA
OG0009264	Montipora_cactus_SLJPv2	Montipora_cactus_SLJPv2___sc0000035.g0048.t1
OG0009264	Montipora_capitata_KBHIv3	Montipora_capitata_KBHIv3___RNAseq.g24243.t1
OG0009264	Montipora_capitata_WTHIv1.1	Montipora_capitata_WTHIv1.1___g28045.t1
OG0009264	Montipora_efflorescens_SLJPv2	Montipora_efflorescens_SLJPv2___sc0000117.g0046.t1
OG0009264	Montipora_foliosa_XSCSv1	Montipora_foliosa_XSCSv1___transcript_HQ_E3_1_transcript4167_f2p0_1843_m.735
OG0009264	Orbicella_faveolata_NAPAv1	Orbicella_faveolata_NAPAv1___XP_020604139.1
OG0009264	Platygyra_sinensis_SDTHv1	Platygyra_sinensis_SDTHv1___evm.model.contig_52532.4
OG0009264	Pocillopora_acuta_KBHIv2	Pocillopora_acuta_KBHIv2___RNAseq.g3694.t1
OG0009264	Pocillopora_acuta_KBHIv2	Pocillopora_acuta_KBHIv2___TS.g3507.t1
OG0009264	Pocillopora_acuta_LBIDv1	Pocillopora_acuta_LBIDv1___TCONS_00007637.p1
OG0009264	Pocillopora_acuta_LBIDv1	Pocillopora_acuta_LBIDv1___TCONS_00007638.p1
OG0009264	Pocillopora_cf_effusa_NAPFv3	Pocillopora_cf_effusa_NAPFv3___00033605
OG0009264	Pocillopora_cf_effusa_NAPFv3	Pocillopora_cf_effusa_NAPFv3___00033606
OG0009264	Pocillopora_damicornis_SIPAv1	Pocillopora_damicornis_SIPAv1___00020196-RA
OG0009264	Pocillopora_damicornis_SIPAv1	Pocillopora_damicornis_SIPAv1___00022516-RA
OG0009264	Pocillopora_meandrina_KBHIv1	Pocillopora_meandrina_KBHIv1___RNAseq.g20328.t1
OG0009264	Pocillopora_meandrina_KBHIv1	Pocillopora_meandrina_KBHIv1___TS.g29705.t1
OG0009264	Pocillopora_verrucosa_RSSAv1	Pocillopora_verrucosa_RSSAv1___g14783.t1
OG0009264	Pocillopora_verrucosa_RSSAv1	Pocillopora_verrucosa_RSSAv1___g17820.t1
OG0009264	Porites_australiensis_SLJPv1	Porites_australiensis_SLJPv1___s0006.g16.t1
OG0009264	Porites_compressa_KBHIv1	Porites_compressa_KBHIv1___RNAseq.g28078.t1
OG0009264	Porites_evermanni_NAPFv1	Porites_evermanni_NAPFv1___00021375
OG0009264	Porites_lobata_NAPFv3	Porites_lobata_NAPFv3___00032723
OG0009264	Porites_lobata_REEFv1	Porites_lobata_REEFv1___15362
OG0009264	Porites_lutea_OIAUv1.1	Porites_lutea_OIAUv1.1___m8.3140.m1
OG0009264	Porites_rus_NAIDv1	Porites_rus_NAIDv1___21611_t
OG0009264	Stylophora_pistillata_GAJOv1	Stylophora_pistillata_GAJOv1___1669
OG0009264	Stylophora_pistillata_GAJOv1	Stylophora_pistillata_GAJOv1___1670
OG0009748	Acropora_acuminata_SLJPv1	Acropora_acuminata_SLJPv1___s0090.g23.t1
OG0009748	Acropora_awi_SLJPv1	Acropora_awi_SLJPv1___s0102.g47.t1
OG0009748	Acropora_cytherea_SLJPv1	Acropora_cytherea_SLJPv1___s0146.g11.t1
OG0009748	Acropora_digitifera_SLJPv2	Acropora_digitifera_SLJPv2___s0134.g45.t1
OG0009748	Acropora_echinata_SLJPv1	Acropora_echinata_SLJPv1___s0069.g12.t1
OG0009748	Acropora_echinata_SLJPv1	Acropora_echinata_SLJPv1___s0069.g13.t1
OG0009748	Acropora_gemmifera_SLJPv1	Acropora_gemmifera_SLJPv1___s0010.g94.t1
OG0009748	Acropora_hyacinthus_SLJPv1	Acropora_hyacinthus_SLJPv1___s0067.g46.t1
OG0009748	Acropora_intermedia_SLJPv1	Acropora_intermedia_SLJPv1___s0458.g11.t1
OG0009748	Acropora_microphthalma_SLJPv1	Acropora_microphthalma_SLJPv1___s0101.g68.t1
OG0009748	Acropora_muricata_SLJPv1	Acropora_muricata_SLJPv1___s0239.g16.t1
OG0009748	Acropora_nasuta_SLJPv1	Acropora_nasuta_SLJPv1___s0248.g22.t1
OG0009748	Acropora_selago_SLJPv1	Acropora_selago_SLJPv1___s0268.g18.t1
OG0009748	Acropora_selago_SLJPv1	Acropora_selago_SLJPv1___s3532.g1.t1
OG0009748	Acropora_tenuis_SLJPv1	Acropora_tenuis_SLJPv1___s0118.g46.t1
OG0009748	Acropora_yongei_SLJPv1	Acropora_yongei_SLJPv1___s0250.g12.t1
OG0009748	Astreopora_myriophthalma_SLJPv2	Astreopora_myriophthalma_SLJPv2___sc0000061.g0022.t1
OG0009748	Astreopora_myriophthalma_SLJPv2	Astreopora_myriophthalma_SLJPv2___sc0000061.g0023.t1
OG0009748	Fungia_spp_REEFv1	Fungia_spp_REEFv1___m4.33967.m1
OG0009748	Fungia_spp_REEFv1	Fungia_spp_REEFv1___m4.4064.m1
OG0009748	Fungia_spp_REEFv1	Fungia_spp_REEFv1___m4.4065.m1
OG0009748	Fungia_spp_REEFv1	Fungia_spp_REEFv1___m4.4066.m1
OG0009748	Fungia_spp_REEFv1	Fungia_spp_REEFv1___m4.8395.m1
OG0009748	Fungia_spp_REEFv1	Fungia_spp_REEFv1___m4.8398.m1
OG0009748	Galaxea_fascicularis_REEFv1	Galaxea_fascicularis_REEFv1___m1.16891.m1
OG0009748	Galaxea_fascicularis_REEFv1	Galaxea_fascicularis_REEFv1___m1.16892.m1
OG0009748	Galaxea_fascicularis_REEFv1	Galaxea_fascicularis_REEFv1___m1.6558.m1
OG0009748	Goniastrea_aspera_REEFv1	Goniastrea_aspera_REEFv1___m3.11538.m1
OG0009748	Montastrea_cavernosa_FGUSv2	Montastrea_cavernosa_FGUSv2___31333-RA
OG0009748	Montastrea_cavernosa_FGUSv2	Montastrea_cavernosa_FGUSv2___31334-RA
OG0009748	Montastrea_cavernosa_FGUSv2	Montastrea_cavernosa_FGUSv2___32202-RA
OG0009748	Montastrea_cavernosa_FGUSv2	Montastrea_cavernosa_FGUSv2___32203-RA
OG0009748	Montastrea_cavernosa_FGUSv2	Montastrea_cavernosa_FGUSv2___32204-RA
OG0009748	Montastrea_cavernosa_FGUSv2	Montastrea_cavernosa_FGUSv2___32206-RA
OG0009748	Montipora_capitata_KBHIv3	Montipora_capitata_KBHIv3___RNAseq.g50143.t1
OG0009748	Montipora_capitata_KBHIv3	Montipora_capitata_KBHIv3___RNAseq.g50144.t1
OG0009748	Montipora_efflorescens_SLJPv2	Montipora_efflorescens_SLJPv2___sc0000031.g0009.t1
OG0009748	Montipora_efflorescens_SLJPv2	Montipora_efflorescens_SLJPv2___sc0000031.g0010.t1
OG0009748	Montipora_efflorescens_SLJPv2	Montipora_efflorescens_SLJPv2___sc0000031.g0011.t1
OG0009748	Montipora_efflorescens_SLJPv2	Montipora_efflorescens_SLJPv2___sc0000031.g0012.t1
OG0009748	Montipora_foliosa_XSCSv1	Montipora_foliosa_XSCSv1___transcript_HQ_E3_1_transcript25965_f57p0_434_m.729
OG0009748	Pachyseris_speciosa_OIAUv0.12	Pachyseris_speciosa_OIAUv0.12___0.1.m1.54332.m1
OG0009748	Pachyseris_speciosa_OIAUv0.12	Pachyseris_speciosa_OIAUv0.12___0.1.m1.54339.m1
OG0009748	Platygyra_sinensis_SDTHv1	Platygyra_sinensis_SDTHv1___evm.model.contig_26835.4
OG0009748	Pocillopora_acuta_KBHIv2	Pocillopora_acuta_KBHIv2___RNAseq.g2683.t1
OG0009748	Pocillopora_acuta_KBHIv2	Pocillopora_acuta_KBHIv2___RNAseq.g2684.t1
OG0009748	Pocillopora_acuta_KBHIv2	Pocillopora_acuta_KBHIv2___RNAseq.g8220.t1
OG0009748	Pocillopora_acuta_KBHIv2	Pocillopora_acuta_KBHIv2___TS.g9360.t1
OG0009748	Pocillopora_cf_effusa_NAPFv3	Pocillopora_cf_effusa_NAPFv3___00001310
OG0009748	Pocillopora_damicornis_XSCSv1	Pocillopora_damicornis_XSCSv1___transcript_HQ_P2_transcript20828_f2p0_386_m.1354
OG0009748	Pocillopora_damicornis_XSCSv1	Pocillopora_damicornis_XSCSv1___transcript_HQ_P2_transcript20862_f2p0_335_m.1408
OG0009748	Pocillopora_meandrina_KBHIv1	Pocillopora_meandrina_KBHIv1___RNAseq.g11103.t1
OG0009748	Pocillopora_meandrina_KBHIv1	Pocillopora_meandrina_KBHIv1___RNAseq.g11104.t1
OG0009748	Pocillopora_meandrina_KBHIv1	Pocillopora_meandrina_KBHIv1___RNAseq.g11105.t1
OG0009748	Pocillopora_meandrina_KBHIv1	Pocillopora_meandrina_KBHIv1___RNAseq.g11106.t1
OG0009748	Pocillopora_meandrina_KBHIv1	Pocillopora_meandrina_KBHIv1___RNAseq.g6461.t1
OG0009748	Pocillopora_verrucosa_RSSAv1	Pocillopora_verrucosa_RSSAv1___g11295.t1
OG0009748	Pocillopora_verrucosa_RSSAv1	Pocillopora_verrucosa_RSSAv1___g8220.t1
OG0009748	Pocillopora_verrucosa_RSSAv1	Pocillopora_verrucosa_RSSAv1___g8221.t1
OG0009748	Porites_astreoides_BBBMv1	Porites_astreoides_BBBMv1___26890-RA
OG0009748	Porites_australiensis_SLJPv1	Porites_australiensis_SLJPv1___s0014.g98.t1
OG0009748	Porites_australiensis_SLJPv1	Porites_australiensis_SLJPv1___s0219.g16.t1
OG0009748	Porites_australiensis_SLJPv1	Porites_australiensis_SLJPv1___s0219.g17.t1
OG0009748	Porites_compressa_KBHIv1	Porites_compressa_KBHIv1___RNAseq.g11595.t1
OG0009748	Porites_compressa_KBHIv1	Porites_compressa_KBHIv1___RNAseq.g7244.t1
OG0009748	Porites_evermanni_NAPFv1	Porites_evermanni_NAPFv1___00004773
OG0009748	Porites_lobata_NAPFv3	Porites_lobata_NAPFv3___00006449
OG0009748	Porites_lutea_OIAUv1.1	Porites_lutea_OIAUv1.1___xpSc0007074.14
OG0009748	Porites_lutea_OIAUv1.1	Porites_lutea_OIAUv1.1___xpSc0007074.15
OG0010106	Acropora_acuminata_SLJPv1	Acropora_acuminata_SLJPv1___s0107.g26.t1
OG0010106	Acropora_awi_SLJPv1	Acropora_awi_SLJPv1___s0127.g101.t1
OG0010106	Acropora_cytherea_SLJPv1	Acropora_cytherea_SLJPv1___s0002.g162.t1
OG0010106	Acropora_digitifera_SLJPv2	Acropora_digitifera_SLJPv2___s0071.g26.t1
OG0010106	Acropora_echinata_SLJPv1	Acropora_echinata_SLJPv1___s0108.g67.t1
OG0010106	Acropora_florida_SLJPv1	Acropora_florida_SLJPv1___s0050.g76.t1
OG0010106	Acropora_gemmifera_SLJPv1	Acropora_gemmifera_SLJPv1___s0118.g19.t1
OG0010106	Acropora_hyacinthus_SLJPv1	Acropora_hyacinthus_SLJPv1___s0097.g81.t1
OG0010106	Acropora_intermedia_SLJPv1	Acropora_intermedia_SLJPv1___s0035.g28.t1
OG0010106	Acropora_microphthalma_SLJPv1	Acropora_microphthalma_SLJPv1___s0045.g28.t1
OG0010106	Acropora_muricata_SLJPv1	Acropora_muricata_SLJPv1___s0324.g28.t1
OG0010106	Acropora_muricata_XSCSv1	Acropora_muricata_XSCSv1___transcript_HQ_E2_1_transcript30990_f2p0_669_m.1033
OG0010106	Acropora_nasuta_SLJPv1	Acropora_nasuta_SLJPv1___s0042.g31.t1
OG0010106	Acropora_selago_SLJPv1	Acropora_selago_SLJPv1___s0162.g21.t1
OG0010106	Acropora_tenuis_SLJPv1	Acropora_tenuis_SLJPv1___s0003.g32.t1
OG0010106	Acropora_yongei_SLJPv1	Acropora_yongei_SLJPv1___s0004.g477.t1
OG0010106	Astreopora_myriophthalma_SLJPv2	Astreopora_myriophthalma_SLJPv2___sc0000031.g0007.t1
OG0010106	Astreopora_myriophthalma_SLJPv2	Astreopora_myriophthalma_SLJPv2___sc0000073.g0069.t1
OG0010106	Fungia_spp_REEFv1	Fungia_spp_REEFv1___m4.28826.m1
OG0010106	Fungia_spp_REEFv1	Fungia_spp_REEFv1___m4.28827.m1
OG0010106	Fungia_spp_REEFv1	Fungia_spp_REEFv1___m4.28829.m1
OG0010106	Fungia_spp_REEFv1	Fungia_spp_REEFv1___m4.28831.m1
OG0010106	Fungia_spp_REEFv1	Fungia_spp_REEFv1___m4.28832.m1
OG0010106	Fungia_spp_REEFv1	Fungia_spp_REEFv1___m4.28833.m1
OG0010106	Galaxea_fascicularis_REEFv1	Galaxea_fascicularis_REEFv1___m1.5309.m1
OG0010106	Madracis_auretenra_REEFv1	Madracis_auretenra_REEFv1___49835
OG0010106	Montastrea_cavernosa_FGUSv2	Montastrea_cavernosa_FGUSv2___30109-RA
OG0010106	Montastrea_cavernosa_FGUSv2	Montastrea_cavernosa_FGUSv2___30110-RA
OG0010106	Montastrea_cavernosa_FGUSv2	Montastrea_cavernosa_FGUSv2___32573-RA
OG0010106	Platygyra_sinensis_SDTHv1	Platygyra_sinensis_SDTHv1___evm.model.contig_34854.8
OG0010106	Pocillopora_acuta_KBHIv2	Pocillopora_acuta_KBHIv2___RNAseq.18721_t
OG0010106	Pocillopora_acuta_KBHIv2	Pocillopora_acuta_KBHIv2___RNAseq.g30781.t1
OG0010106	Pocillopora_cf_effusa_NAPFv3	Pocillopora_cf_effusa_NAPFv3___00015849
OG0010106	Pocillopora_cf_effusa_NAPFv3	Pocillopora_cf_effusa_NAPFv3___00015850
OG0010106	Pocillopora_damicornis_SIPAv1	Pocillopora_damicornis_SIPAv1___00005961-RA
OG0010106	Pocillopora_damicornis_XSCSv1	Pocillopora_damicornis_XSCSv1___transcript_HQ_P2_transcript20506_f4p0_564_m.484
OG0010106	Pocillopora_damicornis_XSCSv1	Pocillopora_damicornis_XSCSv1___transcript_HQ_P2_transcript20731_f5p0_435_m.1112
OG0010106	Pocillopora_meandrina_KBHIv1	Pocillopora_meandrina_KBHIv1___RNAseq.g13512.t1
OG0010106	Pocillopora_meandrina_KBHIv1	Pocillopora_meandrina_KBHIv1___RNAseq.g13513.t1
OG0010106	Pocillopora_verrucosa_RSSAv1	Pocillopora_verrucosa_RSSAv1___g9764.t1
OG0010106	Pocillopora_verrucosa_RSSAv1	Pocillopora_verrucosa_RSSAv1___g9765.t1
OG0010106	Pocillopora_verrucosa_XSCSv1	Pocillopora_verrucosa_XSCSv1___transcript_HQ_E1_1_transcript23406_f2p0_926_m.63
OG0010106	Pocillopora_verrucosa_XSCSv1	Pocillopora_verrucosa_XSCSv1___transcript_HQ_E1_1_transcript24843_f3p0_434_m.203
OG0010106	Porites_astreoides_BBBMv1	Porites_astreoides_BBBMv1___43225-RA
OG0010106	Porites_astreoides_BBBMv1	Porites_astreoides_BBBMv1___43226-RA
OG0010106	Porites_australiensis_SLJPv1	Porites_australiensis_SLJPv1___s0021.g120.t1
OG0010106	Porites_australiensis_SLJPv1	Porites_australiensis_SLJPv1___s0021.g121.t1
OG0010106	Porites_australiensis_SLJPv1	Porites_australiensis_SLJPv1___s0021.g122.t2
OG0010106	Porites_compressa_KBHIv1	Porites_compressa_KBHIv1___RNAseq.g485.t1
OG0010106	Porites_compressa_KBHIv1	Porites_compressa_KBHIv1___RNAseq.g486.t1
OG0010106	Porites_compressa_KBHIv1	Porites_compressa_KBHIv1___RNAseq.g487.t1
OG0010106	Porites_compressa_KBHIv1	Porites_compressa_KBHIv1___TS.g24077.t1
OG0010106	Porites_evermanni_NAPFv1	Porites_evermanni_NAPFv1___00026649
OG0010106	Porites_lobata_NAPFv3	Porites_lobata_NAPFv3___00039534
OG0010106	Porites_lobata_NAPFv3	Porites_lobata_NAPFv3___00039535
OG0010106	Porites_lobata_NAPFv3	Porites_lobata_NAPFv3___00039536
OG0010106	Porites_lutea_OIAUv1.1	Porites_lutea_OIAUv1.1___m8.18280.m1
OG0010106	Porites_lutea_OIAUv1.1	Porites_lutea_OIAUv1.1___m8.18281.m1
OG0010106	Porites_lutea_OIAUv1.1	Porites_lutea_OIAUv1.1___m8.18298.m1
OG0010106	Porites_rus_NAIDv1	Porites_rus_NAIDv1___38995_t
OG0010106	Pseudodiploria_strigosa_REEFv1	Pseudodiploria_strigosa_REEFv1___18798
OG0010106	Pseudodiploria_strigosa_REEFv1	Pseudodiploria_strigosa_REEFv1___21004
OG0010106	Stylophora_pistillata_GAJOv1	Stylophora_pistillata_GAJOv1___7503
OG0010388	Acropora_acuminata_SLJPv1	Acropora_acuminata_SLJPv1___s0071.g38.t2
OG0010388	Acropora_awi_SLJPv1	Acropora_awi_SLJPv1___s0055.g36.t1
OG0010388	Acropora_cytherea_SLJPv1	Acropora_cytherea_SLJPv1___s0083.g30.t1
OG0010388	Acropora_digitifera_SLJPv2	Acropora_digitifera_SLJPv2___s0182.g39.t1
OG0010388	Acropora_echinata_SLJPv1	Acropora_echinata_SLJPv1___s0122.g46.t2
OG0010388	Acropora_florida_SLJPv1	Acropora_florida_SLJPv1___s0155.g33.t1
OG0010388	Acropora_gemmifera_SLJPv1	Acropora_gemmifera_SLJPv1___s0223.g35.t1
OG0010388	Acropora_gemmifera_SLJPv1	Acropora_gemmifera_SLJPv1___s0223.g37.t1
OG0010388	Acropora_hyacinthus_SLJPv1	Acropora_hyacinthus_SLJPv1___s0259.g2.t2
OG0010388	Acropora_intermedia_SLJPv1	Acropora_intermedia_SLJPv1___s0026.g45.t1
OG0010388	Acropora_microphthalma_SLJPv1	Acropora_microphthalma_SLJPv1___s0004.g107.t2
OG0010388	Acropora_millepora_JSIDv2.1	Acropora_millepora_JSIDv2.1___XP_029212254.2
OG0010388	Acropora_muricata_SLJPv1	Acropora_muricata_SLJPv1___s0282.g2.t2
OG0010388	Acropora_nasuta_SLJPv1	Acropora_nasuta_SLJPv1___s4393.g1.t1
OG0010388	Acropora_selago_SLJPv1	Acropora_selago_SLJPv1___s0303.g2.t2
OG0010388	Acropora_tenuis_SLJPv1	Acropora_tenuis_SLJPv1___s0136.g15.t1
OG0010388	Acropora_yongei_SLJPv1	Acropora_yongei_SLJPv1___s0025.g175.t1
OG0010388	Astreopora_myriophthalma_SLJPv2	Astreopora_myriophthalma_SLJPv2___sc0000079.g0012.t1
OG0010388	Ctenactis_echinata_NAJPv1	Ctenactis_echinata_NAJPv1___GDZV01016585.1.p1
OG0010388	Ctenactis_echinata_NAJPv1	Ctenactis_echinata_NAJPv1___GDZV01016586.1.p1
OG0010388	Dipsastraea_lizardensis_NAJPv1	Dipsastraea_lizardensis_NAJPv1___GDZU01033955.1.p1
OG0010388	Favia_sp_REEFv1	Favia_sp_REEFv1___4314
OG0010388	Favia_sp_REEFv1	Favia_sp_REEFv1___4315
OG0010388	Favia_sp_REEFv1	Favia_sp_REEFv1___61713
OG0010388	Fungia_scutaria_REEFv1	Fungia_scutaria_REEFv1___24554
OG0010388	Fungia_spp_REEFv1	Fungia_spp_REEFv1___m4.25597.m1
OG0010388	Galaxea_fascicularis_REEFv1	Galaxea_fascicularis_REEFv1___m1.17688.m1
OG0010388	Goniastrea_aspera_REEFv1	Goniastrea_aspera_REEFv1___m3.145.m1
OG0010388	Madracis_auretenra_REEFv1	Madracis_auretenra_REEFv1___28740
OG0010388	Montastraea_cavernosa_REEFv1	Montastraea_cavernosa_REEFv1___44346
OG0010388	Montastraea_cavernosa_REEFv1	Montastraea_cavernosa_REEFv1___50821
OG0010388	Montastrea_cavernosa_FGUSv2	Montastrea_cavernosa_FGUSv2___22480-RA
OG0010388	Montipora_cactus_SLJPv2	Montipora_cactus_SLJPv2___sc0000259.g0007.t1
OG0010388	Montipora_capitata_KBHIv3	Montipora_capitata_KBHIv3___RNAseq.g27113.t1
OG0010388	Montipora_capitata_WTHIv1.1	Montipora_capitata_WTHIv1.1___g2405.t1
OG0010388	Montipora_efflorescens_SLJPv2	Montipora_efflorescens_SLJPv2___sc0000441.g0011.t1
OG0010388	Orbicella_faveolata_NAPAv1	Orbicella_faveolata_NAPAv1___XP_020608939.1
OG0010388	Pachyseris_speciosa_OIAUv0.12	Pachyseris_speciosa_OIAUv0.12___0.1.m1.39269.m1
OG0010388	Platygyra_carnosus_REEFv1	Platygyra_carnosus_REEFv1___59251
OG0010388	Platygyra_sinensis_SDTHv1	Platygyra_sinensis_SDTHv1___evm.model.contig_69356.2
OG0010388	Platygyra_sinensis_SDTHv1	Platygyra_sinensis_SDTHv1___evm.model.contig_81761.1
OG0010388	Platygyra_sinensis_SDTHv1	Platygyra_sinensis_SDTHv1___evm.model.contig_81761.4
OG0010388	Pocillopora_acuta_KBHIv2	Pocillopora_acuta_KBHIv2___RNAseq.403_t
OG0010388	Pocillopora_cf_effusa_NAPFv3	Pocillopora_cf_effusa_NAPFv3___00005488
OG0010388	Pocillopora_damicornis_SIPAv1	Pocillopora_damicornis_SIPAv1___00014314-RA
OG0010388	Pocillopora_meandrina_KBHIv1	Pocillopora_meandrina_KBHIv1___RNAseq.g19359.t1
OG0010388	Pocillopora_verrucosa_RSSAv1	Pocillopora_verrucosa_RSSAv1___g8285.t1
OG0010388	Porites_astreoides_BBBMv1	Porites_astreoides_BBBMv1___14488-RA
OG0010388	Porites_astreoides_BBBMv1	Porites_astreoides_BBBMv1___14489-RA
OG0010388	Porites_australiensis_SLJPv1	Porites_australiensis_SLJPv1___s0210.g9.t2
OG0010388	Porites_compressa_KBHIv1	Porites_compressa_KBHIv1___RNAseq.g3951.t1
OG0010388	Porites_evermanni_NAPFv1	Porites_evermanni_NAPFv1___00040840
OG0010388	Porites_lobata_NAPFv3	Porites_lobata_NAPFv3___00023471
OG0010388	Porites_lutea_OIAUv1.1	Porites_lutea_OIAUv1.1___m8.32286.m1
OG0010388	Porites_rus_NAIDv1	Porites_rus_NAIDv1___9309_t
OG0010388	Pseudodiploria_strigosa_REEFv1	Pseudodiploria_strigosa_REEFv1___10149
OG0010388	Pseudodiploria_strigosa_REEFv1	Pseudodiploria_strigosa_REEFv1___11862
OG0010388	Stylophora_pistillata_GAJOv1	Stylophora_pistillata_GAJOv1___13565
OG0010577	Acropora_awi_SLJPv1	Acropora_awi_SLJPv1___s0072.g5.t1
OG0010577	Acropora_cytherea_SLJPv1	Acropora_cytherea_SLJPv1___s0165.g24.t1
OG0010577	Acropora_digitifera_SLJPv2	Acropora_digitifera_SLJPv2___s0102.g4.t1
OG0010577	Acropora_echinata_SLJPv1	Acropora_echinata_SLJPv1___s0072.g60.t1
OG0010577	Acropora_florida_SLJPv1	Acropora_florida_SLJPv1___s0513.g6.t1
OG0010577	Acropora_gemmifera_SLJPv1	Acropora_gemmifera_SLJPv1___s0102.g74.t1
OG0010577	Acropora_hyacinthus_SLJPv1	Acropora_hyacinthus_SLJPv1___s0062.g17.t1
OG0010577	Acropora_intermedia_SLJPv1	Acropora_intermedia_SLJPv1___s0412.g16.t1
OG0010577	Acropora_microphthalma_SLJPv1	Acropora_microphthalma_SLJPv1___s0368.g2.t1
OG0010577	Acropora_millepora_JSIDv2.1	Acropora_millepora_JSIDv2.1___XP_029202558.2
OG0010577	Acropora_muricata_SLJPv1	Acropora_muricata_SLJPv1___s0424.g4.t1
OG0010577	Acropora_nasuta_SLJPv1	Acropora_nasuta_SLJPv1___s0828.g2.t1
OG0010577	Acropora_selago_SLJPv1	Acropora_selago_SLJPv1___s0046.g8.t1
OG0010577	Acropora_tenuis_SLJPv1	Acropora_tenuis_SLJPv1___s0204.g18.t1
OG0010577	Acropora_yongei_SLJPv1	Acropora_yongei_SLJPv1___s0077.g39.t1
OG0010577	Astreopora_myriophthalma_SLJPv2	Astreopora_myriophthalma_SLJPv2___sc0000014.g0247.t1
OG0010577	Fungia_spp_REEFv1	Fungia_spp_REEFv1___m2b.40916.m1
OG0010577	Fungia_spp_REEFv1	Fungia_spp_REEFv1___m2b.40917.m1
OG0010577	Fungia_spp_REEFv1	Fungia_spp_REEFv1___m2b.40918.m1
OG0010577	Fungia_spp_REEFv1	Fungia_spp_REEFv1___m2b.40919.m1
OG0010577	Galaxea_fascicularis_REEFv1	Galaxea_fascicularis_REEFv1___m1.4093.m1
OG0010577	Montastraea_cavernosa_REEFv1	Montastraea_cavernosa_REEFv1___111191
OG0010577	Montastrea_cavernosa_FGUSv2	Montastrea_cavernosa_FGUSv2___02828-RA
OG0010577	Montastrea_cavernosa_FGUSv2	Montastrea_cavernosa_FGUSv2___12500-RA
OG0010577	Montipora_cactus_SLJPv2	Montipora_cactus_SLJPv2___sc0000718.g0006.t1
OG0010577	Montipora_cactus_SLJPv2	Montipora_cactus_SLJPv2___sc0000718.g0008.t1
OG0010577	Montipora_capitata_KBHIv3	Montipora_capitata_KBHIv3___RNAseq.g5202.t1
OG0010577	Montipora_capitata_KBHIv3	Montipora_capitata_KBHIv3___RNAseq.g5204.t1
OG0010577	Montipora_capitata_KBHIv3	Montipora_capitata_KBHIv3___RNAseq.g5205.t1
OG0010577	Montipora_capitata_KBHIv3	Montipora_capitata_KBHIv3___RNAseq.g5206.t1
OG0010577	Montipora_capitata_KBHIv3	Montipora_capitata_KBHIv3___TS.g26923.t1
OG0010577	Montipora_efflorescens_SLJPv2	Montipora_efflorescens_SLJPv2___sc0000353.g0026.t1
OG0010577	Platygyra_sinensis_SDTHv1	Platygyra_sinensis_SDTHv1___evm.model.contig_54600.1
OG0010577	Pocillopora_acuta_KBHIv2	Pocillopora_acuta_KBHIv2___RNAseq.g1769.t1
OG0010577	Pocillopora_acuta_KBHIv2	Pocillopora_acuta_KBHIv2___RNAseq.g1770.t1
OG0010577	Pocillopora_acuta_KBHIv2	Pocillopora_acuta_KBHIv2___RNAseq.g1771.t1
OG0010577	Pocillopora_acuta_LBIDv1	Pocillopora_acuta_LBIDv1___TCONS_00032064.p3
OG0010577	Pocillopora_cf_effusa_NAPFv3	Pocillopora_cf_effusa_NAPFv3___00001605
OG0010577	Pocillopora_meandrina_KBHIv1	Pocillopora_meandrina_KBHIv1___RNAseq.g26170.t1
OG0010577	Pocillopora_verrucosa_RSSAv1	Pocillopora_verrucosa_RSSAv1___g3203.t1
OG0010577	Porites_astreoides_BBBMv1	Porites_astreoides_BBBMv1___40158-RA
OG0010577	Porites_astreoides_BBBMv1	Porites_astreoides_BBBMv1___40159-RA
OG0010577	Porites_astreoides_BBBMv1	Porites_astreoides_BBBMv1___40160-RA
OG0010577	Porites_astreoides_BBBMv1	Porites_astreoides_BBBMv1___61190-RA
OG0010577	Porites_australiensis_SLJPv1	Porites_australiensis_SLJPv1___s0283.g47.t1
OG0010577	Porites_australiensis_SLJPv1	Porites_australiensis_SLJPv1___s0283.g48.t1
OG0010577	Porites_australiensis_SLJPv1	Porites_australiensis_SLJPv1___s0283.g49.t1
OG0010577	Porites_compressa_KBHIv1	Porites_compressa_KBHIv1___RNAseq.g39105.t1
OG0010577	Porites_compressa_KBHIv1	Porites_compressa_KBHIv1___TS.g7890.t1
OG0010577	Porites_evermanni_NAPFv1	Porites_evermanni_NAPFv1___00027536
OG0010577	Porites_lobata_NAPFv3	Porites_lobata_NAPFv3___00005224
OG0010577	Porites_lobata_REEFv1	Porites_lobata_REEFv1___13316
OG0010577	Porites_lutea_OIAUv1.1	Porites_lutea_OIAUv1.1___m8.19717.m1
OG0010577	Porites_lutea_OIAUv1.1	Porites_lutea_OIAUv1.1___m8.19718.m1
OG0010577	Porites_lutea_OIAUv1.1	Porites_lutea_OIAUv1.1___m8.19722.m1
OG0010577	Porites_rus_NAIDv1	Porites_rus_NAIDv1___603_t
OG0010786	Acropora_acuminata_SLJPv1	Acropora_acuminata_SLJPv1___s0007.g197.t1
OG0010786	Acropora_cytherea_SLJPv1	Acropora_cytherea_SLJPv1___s0155.g10.t1
OG0010786	Acropora_digitifera_SLJPv2	Acropora_digitifera_SLJPv2___s0118.g5.t1
OG0010786	Acropora_echinata_SLJPv1	Acropora_echinata_SLJPv1___s0036.g130.t1
OG0010786	Acropora_florida_SLJPv1	Acropora_florida_SLJPv1___s0052.g9.t1
OG0010786	Acropora_gemmifera_SLJPv1	Acropora_gemmifera_SLJPv1___s0013.g61.t1
OG0010786	Acropora_hyacinthus_SLJPv1	Acropora_hyacinthus_SLJPv1___s0370.g4.t1
OG0010786	Acropora_intermedia_SLJPv1	Acropora_intermedia_SLJPv1___s0115.g33.t1
OG0010786	Acropora_microphthalma_SLJPv1	Acropora_microphthalma_SLJPv1___s0217.g37.t1
OG0010786	Acropora_millepora_JSIDv2.1	Acropora_millepora_JSIDv2.1___XP_029196412.2
OG0010786	Acropora_muricata_SLJPv1	Acropora_muricata_SLJPv1___s2185.g1.t1
OG0010786	Acropora_nasuta_SLJPv1	Acropora_nasuta_SLJPv1___s0100.g58.t1
OG0010786	Acropora_selago_SLJPv1	Acropora_selago_SLJPv1___s0158.g8.t1
OG0010786	Acropora_tenuis_SLJPv1	Acropora_tenuis_SLJPv1___s0024.g94.t1
OG0010786	Astreopora_myriophthalma_SLJPv2	Astreopora_myriophthalma_SLJPv2___sc0000008.g0201.t1
OG0010786	Ctenactis_echinata_NAJPv1	Ctenactis_echinata_NAJPv1___GDZV01034491.1.p1
OG0010786	Dipsastraea_lizardensis_NAJPv1	Dipsastraea_lizardensis_NAJPv1___GDZU01013130.1.p1
OG0010786	Fungia_scutaria_REEFv1	Fungia_scutaria_REEFv1___68452
OG0010786	Madracis_auretenra_REEFv1	Madracis_auretenra_REEFv1___22632
OG0010786	Madracis_auretenra_REEFv1	Madracis_auretenra_REEFv1___44135
OG0010786	Montastrea_cavernosa_FGUSv2	Montastrea_cavernosa_FGUSv2___15204-RA
OG0010786	Montipora_cactus_SLJPv2	Montipora_cactus_SLJPv2___sc0000034.g0037.t1
OG0010786	Montipora_capitata_KBHIv3	Montipora_capitata_KBHIv3___RNAseq.g20143.t1
OG0010786	Montipora_efflorescens_SLJPv2	Montipora_efflorescens_SLJPv2___sc0000002.g0204.t1
OG0010786	Platygyra_sinensis_SDTHv1	Platygyra_sinensis_SDTHv1___evm.model.contig_30049.1
OG0010786	Pocillopora_acuta_KBHIv2	Pocillopora_acuta_KBHIv2___RNAseq.g28371.t1
OG0010786	Pocillopora_acuta_KBHIv2	Pocillopora_acuta_KBHIv2___RNAseq.g28372.t1
OG0010786	Pocillopora_acuta_KBHIv2	Pocillopora_acuta_KBHIv2___RNAseq.g28374.t1
OG0010786	Pocillopora_acuta_KBHIv2	Pocillopora_acuta_KBHIv2___RNAseq.g28375.t1
OG0010786	Pocillopora_acuta_LBIDv1	Pocillopora_acuta_LBIDv1___TCONS_00018989.p1
OG0010786	Pocillopora_cf_effusa_NAPFv3	Pocillopora_cf_effusa_NAPFv3___00035382
OG0010786	Pocillopora_cf_effusa_NAPFv3	Pocillopora_cf_effusa_NAPFv3___00035383
OG0010786	Pocillopora_cf_effusa_NAPFv3	Pocillopora_cf_effusa_NAPFv3___00035385
OG0010786	Pocillopora_cf_effusa_NAPFv3	Pocillopora_cf_effusa_NAPFv3___00035386
OG0010786	Pocillopora_damicornis_SIPAv1	Pocillopora_damicornis_SIPAv1___00017901-RA
OG0010786	Pocillopora_damicornis_SIPAv1	Pocillopora_damicornis_SIPAv1___00017902-RA
OG0010786	Pocillopora_damicornis_SIPAv1	Pocillopora_damicornis_SIPAv1___00017904-RA
OG0010786	Pocillopora_damicornis_SIPAv1	Pocillopora_damicornis_SIPAv1___00017905-RA
OG0010786	Pocillopora_meandrina_KBHIv1	Pocillopora_meandrina_KBHIv1___RNAseq.g29196.t1
OG0010786	Pocillopora_meandrina_KBHIv1	Pocillopora_meandrina_KBHIv1___RNAseq.g29197.t1
OG0010786	Pocillopora_meandrina_KBHIv1	Pocillopora_meandrina_KBHIv1___RNAseq.g29198.t1
OG0010786	Pocillopora_meandrina_KBHIv1	Pocillopora_meandrina_KBHIv1___RNAseq.g29200.t1
OG0010786	Pocillopora_meandrina_KBHIv1	Pocillopora_meandrina_KBHIv1___RNAseq.g29201.t1
OG0010786	Pocillopora_verrucosa_RSSAv1	Pocillopora_verrucosa_RSSAv1___g10531.t1
OG0010786	Porites_australiensis_SLJPv1	Porites_australiensis_SLJPv1___s0345.g23.t1
OG0010786	Porites_compressa_KBHIv1	Porites_compressa_KBHIv1___RNAseq.g14881.t1
OG0010786	Porites_compressa_KBHIv1	Porites_compressa_KBHIv1___TS.g9272.t1
OG0010786	Porites_evermanni_NAPFv1	Porites_evermanni_NAPFv1___00004453
OG0010786	Porites_evermanni_NAPFv1	Porites_evermanni_NAPFv1___00004454
OG0010786	Porites_rus_NAIDv1	Porites_rus_NAIDv1___34012_t
OG0010786	Porites_rus_NAIDv1	Porites_rus_NAIDv1___34013_t
OG0010786	Pseudodiploria_strigosa_REEFv1	Pseudodiploria_strigosa_REEFv1___25587
OG0010786	Stylophora_pistillata_GAJOv1	Stylophora_pistillata_GAJOv1___13343
OG0011004	Acropora_acuminata_SLJPv1	Acropora_acuminata_SLJPv1___s0183.g15.t1
OG0011004	Acropora_awi_SLJPv1	Acropora_awi_SLJPv1___s0167.g15.t1
OG0011004	Acropora_cytherea_SLJPv1	Acropora_cytherea_SLJPv1___s0397.g4.t1
OG0011004	Acropora_digitifera_SLJPv2	Acropora_digitifera_SLJPv2___s0050.g57.t1
OG0011004	Acropora_echinata_SLJPv1	Acropora_echinata_SLJPv1___s0116.g17.t1
OG0011004	Acropora_florida_SLJPv1	Acropora_florida_SLJPv1___s0337.g5.t1
OG0011004	Acropora_gemmifera_SLJPv1	Acropora_gemmifera_SLJPv1___s0157.g13.t1
OG0011004	Acropora_hyacinthus_SLJPv1	Acropora_hyacinthus_SLJPv1___s0018.g24.t1
OG0011004	Acropora_intermedia_SLJPv1	Acropora_intermedia_SLJPv1___s0249.g12.t1
OG0011004	Acropora_microphthalma_SLJPv1	Acropora_microphthalma_SLJPv1___s0165.g18.t1
OG0011004	Acropora_millepora_JSIDv2.1	Acropora_millepora_JSIDv2.1___XP_029204636.2
OG0011004	Acropora_muricata_SLJPv1	Acropora_muricata_SLJPv1___s0199.g6.t1
OG0011004	Acropora_nasuta_SLJPv1	Acropora_nasuta_SLJPv1___s0232.g14.t1
OG0011004	Acropora_nasuta_SLJPv1	Acropora_nasuta_SLJPv1___s2298.g1.t1
OG0011004	Acropora_selago_SLJPv1	Acropora_selago_SLJPv1___s0090.g11.t3
OG0011004	Acropora_tenuis_SLJPv1	Acropora_tenuis_SLJPv1___s0027.g5.t1
OG0011004	Acropora_yongei_SLJPv1	Acropora_yongei_SLJPv1___s0024.g30.t1
OG0011004	Ctenactis_echinata_NAJPv1	Ctenactis_echinata_NAJPv1___GDZV01023932.1.p1
OG0011004	Dipsastraea_lizardensis_NAJPv1	Dipsastraea_lizardensis_NAJPv1___GDZU01038640.1.p1
OG0011004	Fungia_scutaria_REEFv1	Fungia_scutaria_REEFv1___75951
OG0011004	Fungia_scutaria_REEFv1	Fungia_scutaria_REEFv1___8347
OG0011004	Fungia_spp_REEFv1	Fungia_spp_REEFv1___m4.12175.m1
OG0011004	Galaxea_fascicularis_REEFv1	Galaxea_fascicularis_REEFv1___m1.19211.m1
OG0011004	Goniastrea_aspera_REEFv1	Goniastrea_aspera_REEFv1___m3.9150.m1
OG0011004	Montastraea_cavernosa_REEFv1	Montastraea_cavernosa_REEFv1___25849
OG0011004	Montastraea_cavernosa_REEFv1	Montastraea_cavernosa_REEFv1___29600
OG0011004	Montastrea_cavernosa_FGUSv2	Montastrea_cavernosa_FGUSv2___15289-RA
OG0011004	Montipora_cactus_SLJPv2	Montipora_cactus_SLJPv2___sc0000810.g0003.t1
OG0011004	Montipora_capitata_KBHIv3	Montipora_capitata_KBHIv3___RNAseq.g35662.t1
OG0011004	Montipora_capitata_KBHIv3	Montipora_capitata_KBHIv3___RNAseq.g35663.t1
OG0011004	Montipora_capitata_WTHIv1.1	Montipora_capitata_WTHIv1.1___g16507.t1
OG0011004	Montipora_efflorescens_SLJPv2	Montipora_efflorescens_SLJPv2___sc0000152.g0016.t1
OG0011004	Orbicella_faveolata_NAPAv1	Orbicella_faveolata_NAPAv1___XP_020606323.1
OG0011004	Pachyseris_speciosa_OIAUv0.12	Pachyseris_speciosa_OIAUv0.12___0.1.m1.16475.m1
OG0011004	Platygyra_carnosus_REEFv1	Platygyra_carnosus_REEFv1___51564
OG0011004	Platygyra_sinensis_SDTHv1	Platygyra_sinensis_SDTHv1___evm.model.contig_86492.4
OG0011004	Pocillopora_acuta_KBHIv2	Pocillopora_acuta_KBHIv2___TS.g24233.t1
OG0011004	Pocillopora_cf_effusa_NAPFv3	Pocillopora_cf_effusa_NAPFv3___00008045
OG0011004	Pocillopora_damicornis_SIPAv1	Pocillopora_damicornis_SIPAv1___00006812-RA
OG0011004	Pocillopora_meandrina_KBHIv1	Pocillopora_meandrina_KBHIv1___RNAseq.g15717.t1
OG0011004	Pocillopora_verrucosa_RSSAv1	Pocillopora_verrucosa_RSSAv1___g9703.t1
OG0011004	Porites_astreoides_BBBMv1	Porites_astreoides_BBBMv1___22032-RA
OG0011004	Porites_australiensis_SLJPv1	Porites_australiensis_SLJPv1___s0107.g5.t1
OG0011004	Porites_compressa_KBHIv1	Porites_compressa_KBHIv1___RNAseq.g12120.t1
OG0011004	Porites_evermanni_NAPFv1	Porites_evermanni_NAPFv1___00044204
OG0011004	Porites_lobata_NAPFv3	Porites_lobata_NAPFv3___00013800
OG0011004	Porites_lutea_OIAUv1.1	Porites_lutea_OIAUv1.1___Sc0000014.79
OG0011004	Porites_rus_NAIDv1	Porites_rus_NAIDv1___34250_t
OG0011004	Pseudodiploria_strigosa_REEFv1	Pseudodiploria_strigosa_REEFv1___15123
OG0011004	Stylophora_pistillata_GAJOv1	Stylophora_pistillata_GAJOv1___1524
OG0011115	Acropora_awi_SLJPv1	Acropora_awi_SLJPv1___s0065.g47.t2
OG0011115	Acropora_digitifera_SLJPv2	Acropora_digitifera_SLJPv2___s0005.g46.t1
OG0011115	Acropora_echinata_SLJPv1	Acropora_echinata_SLJPv1___s0002.g84.t1
OG0011115	Acropora_echinata_SLJPv1	Acropora_echinata_SLJPv1___s0002.g85.t1
OG0011115	Acropora_florida_SLJPv1	Acropora_florida_SLJPv1___s0137.g46.t1
OG0011115	Acropora_gemmifera_SLJPv1	Acropora_gemmifera_SLJPv1___s0065.g94.t1
OG0011115	Acropora_hyacinthus_SLJPv1	Acropora_hyacinthus_SLJPv1___s0001.g660.t1
OG0011115	Acropora_intermedia_SLJPv1	Acropora_intermedia_SLJPv1___s0070.g45.t1
OG0011115	Acropora_intermedia_SLJPv1	Acropora_intermedia_SLJPv1___s0070.g46.t1
OG0011115	Acropora_microphthalma_SLJPv1	Acropora_microphthalma_SLJPv1___s0023.g27.t1
OG0011115	Acropora_millepora_JSIDv2.1	Acropora_millepora_JSIDv2.1___XP_029184804.1
OG0011115	Acropora_muricata_SLJPv1	Acropora_muricata_SLJPv1___s0001.g236.t1
OG0011115	Acropora_muricata_XSCSv1	Acropora_muricata_XSCSv1___transcript_HQ_E2_1_transcript17988_f2p0_1487_m.575
OG0011115	Acropora_muricata_XSCSv1	Acropora_muricata_XSCSv1___transcript_HQ_E2_1_transcript21067_f2p0_1353_m.169
OG0011115	Acropora_selago_SLJPv1	Acropora_selago_SLJPv1___s0001.g251.t1
OG0011115	Acropora_tenuis_SLJPv1	Acropora_tenuis_SLJPv1___s0005.g184.t2
OG0011115	Acropora_yongei_SLJPv1	Acropora_yongei_SLJPv1___s0010.g186.t2
OG0011115	Astreopora_myriophthalma_SLJPv2	Astreopora_myriophthalma_SLJPv2___sc0000001.g0539.t1
OG0011115	Fungia_scutaria_REEFv1	Fungia_scutaria_REEFv1___21341
OG0011115	Fungia_scutaria_REEFv1	Fungia_scutaria_REEFv1___69003
OG0011115	Fungia_spp_REEFv1	Fungia_spp_REEFv1___m4.7388.m1
OG0011115	Galaxea_fascicularis_REEFv1	Galaxea_fascicularis_REEFv1___m1.16027.m1
OG0011115	Madracis_auretenra_REEFv1	Madracis_auretenra_REEFv1___30268
OG0011115	Montastraea_cavernosa_REEFv1	Montastraea_cavernosa_REEFv1___97886
OG0011115	Montastraea_cavernosa_REEFv1	Montastraea_cavernosa_REEFv1___97887
OG0011115	Montastrea_cavernosa_FGUSv2	Montastrea_cavernosa_FGUSv2___00881-RA
OG0011115	Montipora_cactus_SLJPv2	Montipora_cactus_SLJPv2___sc0000173.g0027.t1
OG0011115	Montipora_capitata_KBHIv3	Montipora_capitata_KBHIv3___RNAseq.g34955.t1
OG0011115	Montipora_efflorescens_SLJPv2	Montipora_efflorescens_SLJPv2___sc0000068.g0056.t1
OG0011115	Orbicella_faveolata_NAPAv1	Orbicella_faveolata_NAPAv1___XP_020603252.1
OG0011115	Pachyseris_speciosa_OIAUv0.12	Pachyseris_speciosa_OIAUv0.12___0.1.m1.5802.m1
OG0011115	Platygyra_carnosus_REEFv1	Platygyra_carnosus_REEFv1___62011
OG0011115	Platygyra_sinensis_SDTHv1	Platygyra_sinensis_SDTHv1___evm.model.contig_83288.2
OG0011115	Platygyra_sinensis_SDTHv1	Platygyra_sinensis_SDTHv1___evm.model.contig_83289.1
OG0011115	Pocillopora_acuta_KBHIv2	Pocillopora_acuta_KBHIv2___RNAseq.g23690.t2
OG0011115	Pocillopora_acuta_LBIDv1	Pocillopora_acuta_LBIDv1___TCONS_00056235.p1
OG0011115	Pocillopora_cf_effusa_NAPFv3	Pocillopora_cf_effusa_NAPFv3___00024454
OG0011115	Pocillopora_damicornis_SIPAv1	Pocillopora_damicornis_SIPAv1___00001265-RA
OG0011115	Pocillopora_meandrina_KBHIv1	Pocillopora_meandrina_KBHIv1___RNAseq.g15201.t1
OG0011115	Pocillopora_verrucosa_RSSAv1	Pocillopora_verrucosa_RSSAv1___g1957.t1
OG0011115	Pocillopora_verrucosa_XSCSv1	Pocillopora_verrucosa_XSCSv1___transcript_HQ_E1_1_transcript10300_f2p0_1907_m.1130
OG0011115	Porites_australiensis_SLJPv1	Porites_australiensis_SLJPv1___s0047.g41.t2
OG0011115	Porites_compressa_KBHIv1	Porites_compressa_KBHIv1___RNAseq.g15621.t1
OG0011115	Porites_evermanni_NAPFv1	Porites_evermanni_NAPFv1___00021043
OG0011115	Porites_lobata_NAPFv3	Porites_lobata_NAPFv3___00026912
OG0011115	Porites_lobata_REEFv1	Porites_lobata_REEFv1___9215
OG0011115	Porites_lutea_OIAUv1.1	Porites_lutea_OIAUv1.1___Sc0000075.104
OG0011115	Seriatopora_hystrix_REEFv1	Seriatopora_hystrix_REEFv1___97924
OG0011115	Stylophora_pistillata_GAJOv1	Stylophora_pistillata_GAJOv1___1156
OG0011449	Acropora_acuminata_SLJPv1	Acropora_acuminata_SLJPv1___s0027.g87.t1
OG0011449	Acropora_awi_SLJPv1	Acropora_awi_SLJPv1___s0004.g93.t1
OG0011449	Acropora_cytherea_SLJPv1	Acropora_cytherea_SLJPv1___s0157.g34.t1
OG0011449	Acropora_digitifera_SLJPv2	Acropora_digitifera_SLJPv2___s0120.g132.t1
OG0011449	Acropora_echinata_SLJPv1	Acropora_echinata_SLJPv1___s0001.g253.t1
OG0011449	Acropora_florida_SLJPv1	Acropora_florida_SLJPv1___s0049.g68.t1
OG0011449	Acropora_gemmifera_SLJPv1	Acropora_gemmifera_SLJPv1___s0047.g30.t1
OG0011449	Acropora_hyacinthus_SLJPv1	Acropora_hyacinthus_SLJPv1___s0139.g48.t1
OG0011449	Acropora_intermedia_SLJPv1	Acropora_intermedia_SLJPv1___s0003.g151.t1
OG0011449	Acropora_microphthalma_SLJPv1	Acropora_microphthalma_SLJPv1___s0226.g16.t1
OG0011449	Acropora_millepora_JSIDv2.1	Acropora_millepora_JSIDv2.1___XP_029202430.2
OG0011449	Acropora_muricata_SLJPv1	Acropora_muricata_SLJPv1___s0691.g7.t1
OG0011449	Acropora_muricata_XSCSv1	Acropora_muricata_XSCSv1___transcript_HQ_E2_1_transcript18532_f2p0_1494_m.1175
OG0011449	Acropora_nasuta_SLJPv1	Acropora_nasuta_SLJPv1___s0056.g47.t1
OG0011449	Acropora_selago_SLJPv1	Acropora_selago_SLJPv1___s0040.g103.t1
OG0011449	Acropora_tenuis_SLJPv1	Acropora_tenuis_SLJPv1___s0112.g81.t1
OG0011449	Acropora_yongei_SLJPv1	Acropora_yongei_SLJPv1___s0020.g139.t1
OG0011449	Astreopora_myriophthalma_SLJPv2	Astreopora_myriophthalma_SLJPv2___sc0000010.g0161.t1
OG0011449	Astreopora_sp_REEFv1	Astreopora_sp_REEFv1___22988
OG0011449	Fungia_spp_REEFv1	Fungia_spp_REEFv1___m4.28558.m1
OG0011449	Galaxea_fascicularis_REEFv1	Galaxea_fascicularis_REEFv1___m1.4125.m1
OG0011449	Madracis_auretenra_REEFv1	Madracis_auretenra_REEFv1___5847
OG0011449	Montastraea_cavernosa_REEFv1	Montastraea_cavernosa_REEFv1___38660
OG0011449	Montipora_cactus_SLJPv2	Montipora_cactus_SLJPv2___sc0000016.g0151.t1
OG0011449	Montipora_capitata_KBHIv3	Montipora_capitata_KBHIv3___RNAseq.g14986.t1
OG0011449	Montipora_capitata_WTHIv1.1	Montipora_capitata_WTHIv1.1___g5578.t1
OG0011449	Montipora_efflorescens_SLJPv2	Montipora_efflorescens_SLJPv2___sc0000175.g0068.t1
OG0011449	Montipora_foliosa_XSCSv1	Montipora_foliosa_XSCSv1___transcript_HQ_E3_1_transcript3046_f2p0_2043_m.665
OG0011449	Orbicella_faveolata_NAPAv1	Orbicella_faveolata_NAPAv1___XP_020618335.1
OG0011449	Pachyseris_speciosa_OIAUv0.12	Pachyseris_speciosa_OIAUv0.12___0.1.m1.25232.m1
OG0011449	Platygyra_sinensis_SDTHv1	Platygyra_sinensis_SDTHv1___evm.model.contig_81053.1
OG0011449	Pocillopora_acuta_KBHIv2	Pocillopora_acuta_KBHIv2___TS.g12050.t1
OG0011449	Pocillopora_acuta_LBIDv1	Pocillopora_acuta_LBIDv1___TCONS_00027407.p1
OG0011449	Pocillopora_cf_effusa_NAPFv3	Pocillopora_cf_effusa_NAPFv3___00022683
OG0011449	Pocillopora_damicornis_SIPAv1	Pocillopora_damicornis_SIPAv1___00002917-RA
OG0011449	Pocillopora_meandrina_KBHIv1	Pocillopora_meandrina_KBHIv1___RNAseq.g30359.t1
OG0011449	Porites_australiensis_SLJPv1	Porites_australiensis_SLJPv1___s0551.g14.t1
OG0011449	Porites_compressa_KBHIv1	Porites_compressa_KBHIv1___RNAseq.g1367.t1
OG0011449	Porites_evermanni_NAPFv1	Porites_evermanni_NAPFv1___00045151
OG0011449	Porites_lobata_NAPFv3	Porites_lobata_NAPFv3___00007482
OG0011449	Porites_lobata_REEFv1	Porites_lobata_REEFv1___13036
OG0011449	Porites_lutea_OIAUv1.1	Porites_lutea_OIAUv1.1___m8.23387.m1
OG0011449	Porites_rus_NAIDv1	Porites_rus_NAIDv1___33211_t
OG0011449	Pseudodiploria_strigosa_REEFv1	Pseudodiploria_strigosa_REEFv1___1218
OG0011449	Stylophora_pistillata_GAJOv1	Stylophora_pistillata_GAJOv1___7622
OG0011454	Acropora_acuminata_SLJPv1	Acropora_acuminata_SLJPv1___s0078.g54.t1
OG0011454	Acropora_awi_SLJPv1	Acropora_awi_SLJPv1___s0111.g78.t1
OG0011454	Acropora_cytherea_SLJPv1	Acropora_cytherea_SLJPv1___s0023.g34.t1
OG0011454	Acropora_digitifera_SLJPv2	Acropora_digitifera_SLJPv2___s0062.g94.t1
OG0011454	Acropora_echinata_SLJPv1	Acropora_echinata_SLJPv1___s0038.g113.t1
OG0011454	Acropora_florida_SLJPv1	Acropora_florida_SLJPv1___s0144.g28.t1
OG0011454	Acropora_gemmifera_SLJPv1	Acropora_gemmifera_SLJPv1___s0103.g40.t1
OG0011454	Acropora_hyacinthus_SLJPv1	Acropora_hyacinthus_SLJPv1___s0027.g48.t1
OG0011454	Acropora_intermedia_SLJPv1	Acropora_intermedia_SLJPv1___s0011.g38.t1
OG0011454	Acropora_microphthalma_SLJPv1	Acropora_microphthalma_SLJPv1___s0173.g52.t1
OG0011454	Acropora_millepora_JSIDv2.1	Acropora_millepora_JSIDv2.1___XP_029213365.2
OG0011454	Acropora_muricata_SLJPv1	Acropora_muricata_SLJPv1___s0067.g50.t1
OG0011454	Acropora_muricata_SLJPv1	Acropora_muricata_SLJPv1___s5076.g1.t1
OG0011454	Acropora_muricata_XSCSv1	Acropora_muricata_XSCSv1___transcript_HQ_E2_1_transcript21416_f6p0_1320_m.1083
OG0011454	Acropora_nasuta_SLJPv1	Acropora_nasuta_SLJPv1___s0865.g1.t1
OG0011454	Acropora_selago_SLJPv1	Acropora_selago_SLJPv1___s0006.g88.t1
OG0011454	Acropora_tenuis_SLJPv1	Acropora_tenuis_SLJPv1___s0040.g46.t1
OG0011454	Acropora_yongei_SLJPv1	Acropora_yongei_SLJPv1___s0070.g50.t1
OG0011454	Astreopora_myriophthalma_SLJPv2	Astreopora_myriophthalma_SLJPv2___sc0000013.g0223.t1
OG0011454	Ctenactis_echinata_NAJPv1	Ctenactis_echinata_NAJPv1___GDZV01035065.1.p1
OG0011454	Dipsastraea_lizardensis_NAJPv1	Dipsastraea_lizardensis_NAJPv1___GDZU01021280.1.p1
OG0011454	Favia_sp_REEFv1	Favia_sp_REEFv1___8392
OG0011454	Fungia_scutaria_REEFv1	Fungia_scutaria_REEFv1___8813
OG0011454	Fungia_spp_REEFv1	Fungia_spp_REEFv1___m4.12650.m1
OG0011454	Goniastrea_aspera_REEFv1	Goniastrea_aspera_REEFv1___m3.19944.m1
OG0011454	Madracis_auretenra_REEFv1	Madracis_auretenra_REEFv1___58382
OG0011454	Madracis_auretenra_REEFv1	Madracis_auretenra_REEFv1___58384
OG0011454	Montipora_cactus_SLJPv2	Montipora_cactus_SLJPv2___sc0000329.g0011.t1
OG0011454	Montipora_capitata_KBHIv3	Montipora_capitata_KBHIv3___RNAseq.g40607.t1
OG0011454	Montipora_capitata_WTHIv1.1	Montipora_capitata_WTHIv1.1___g11642.t1
OG0011454	Montipora_capitata_WTHIv1.1	Montipora_capitata_WTHIv1.1___g11643.t1
OG0011454	Montipora_efflorescens_SLJPv2	Montipora_efflorescens_SLJPv2___sc0000216.g0027.t1
OG0011454	Orbicella_faveolata_NAPAv1	Orbicella_faveolata_NAPAv1___XP_020604045.1
OG0011454	Platygyra_sinensis_SDTHv1	Platygyra_sinensis_SDTHv1___evm.model.contig_20015.3
OG0011454	Porites_astreoides_BBBMv1	Porites_astreoides_BBBMv1___45938-RA
OG0011454	Porites_astreoides_BBBMv1	Porites_astreoides_BBBMv1___47449-RA
OG0011454	Porites_australiensis_SLJPv1	Porites_australiensis_SLJPv1___s0612.g15.t1
OG0011454	Porites_compressa_KBHIv1	Porites_compressa_KBHIv1___RNAseq.g22653.t1
OG0011454	Porites_evermanni_NAPFv1	Porites_evermanni_NAPFv1___00031068
OG0011454	Porites_lobata_NAPFv3	Porites_lobata_NAPFv3___00001013
OG0011454	Porites_lobata_REEFv1	Porites_lobata_REEFv1___4716
OG0011454	Porites_lutea_OIAUv1.1	Porites_lutea_OIAUv1.1___m8.339.m1
OG0011454	Porites_rus_NAIDv1	Porites_rus_NAIDv1___15166_t
OG0011454	Pseudodiploria_strigosa_REEFv1	Pseudodiploria_strigosa_REEFv1___19319
OG0011454	Pseudodiploria_strigosa_REEFv1	Pseudodiploria_strigosa_REEFv1___5798
OG0011823	Acropora_acuminata_SLJPv1	Acropora_acuminata_SLJPv1___s0042.g11.t1
OG0011823	Acropora_awi_SLJPv1	Acropora_awi_SLJPv1___s0019.g56.t1
OG0011823	Acropora_cytherea_SLJPv1	Acropora_cytherea_SLJPv1___s0048.g52.t1
OG0011823	Acropora_digitifera_SLJPv2	Acropora_digitifera_SLJPv2___s0173.g33.t1
OG0011823	Acropora_echinata_SLJPv1	Acropora_echinata_SLJPv1___s0007.g237.t1
OG0011823	Acropora_florida_SLJPv1	Acropora_florida_SLJPv1___s0301.g12.t1
OG0011823	Acropora_gemmifera_SLJPv1	Acropora_gemmifera_SLJPv1___s0066.g64.t1
OG0011823	Acropora_hyacinthus_SLJPv1	Acropora_hyacinthus_SLJPv1___s0054.g22.t1
OG0011823	Acropora_intermedia_SLJPv1	Acropora_intermedia_SLJPv1___s0066.g64.t1
OG0011823	Acropora_microphthalma_SLJPv1	Acropora_microphthalma_SLJPv1___s0029.g51.t1
OG0011823	Acropora_muricata_SLJPv1	Acropora_muricata_SLJPv1___s0022.g63.t1
OG0011823	Acropora_muricata_XSCSv1	Acropora_muricata_XSCSv1___transcript_HQ_E2_1_transcript17645_f9p0_1486_m.1044
OG0011823	Acropora_muricata_XSCSv1	Acropora_muricata_XSCSv1___transcript_HQ_E2_1_transcript9739_f2p0_1977_m.744
OG0011823	Acropora_nasuta_SLJPv1	Acropora_nasuta_SLJPv1___s0087.g133.t1
OG0011823	Acropora_selago_SLJPv1	Acropora_selago_SLJPv1___s0124.g13.t1
OG0011823	Acropora_tenuis_SLJPv1	Acropora_tenuis_SLJPv1___s0084.g14.t1
OG0011823	Acropora_yongei_SLJPv1	Acropora_yongei_SLJPv1___s0004.g519.t1
OG0011823	Astreopora_myriophthalma_SLJPv2	Astreopora_myriophthalma_SLJPv2___sc0000097.g0025.t1
OG0011823	Dipsastraea_lizardensis_NAJPv1	Dipsastraea_lizardensis_NAJPv1___GDZU01003350.1.p1
OG0011823	Favia_sp_REEFv1	Favia_sp_REEFv1___2375
OG0011823	Madracis_auretenra_REEFv1	Madracis_auretenra_REEFv1___234
OG0011823	Montipora_cactus_SLJPv2	Montipora_cactus_SLJPv2___sc0000750.g0010.t1
OG0011823	Montipora_capitata_KBHIv3	Montipora_capitata_KBHIv3___RNAseq.g30074.t1
OG0011823	Montipora_capitata_WTHIv1.1	Montipora_capitata_WTHIv1.1___g3565.t1
OG0011823	Montipora_efflorescens_SLJPv2	Montipora_efflorescens_SLJPv2___sc0000058.g0077.t1
OG0011823	Platygyra_sinensis_SDTHv1	Platygyra_sinensis_SDTHv1___evm.model.contig_83292.5
OG0011823	Pocillopora_acuta_KBHIv2	Pocillopora_acuta_KBHIv2___TS.g5224.t1
OG0011823	Pocillopora_acuta_LBIDv1	Pocillopora_acuta_LBIDv1___TCONS_00032944.p2
OG0011823	Pocillopora_damicornis_XSCSv1	Pocillopora_damicornis_XSCSv1___transcript_HQ_P2_transcript17603_f3p0_1587_m.1171
OG0011823	Porites_astreoides_BBBMv1	Porites_astreoides_BBBMv1___09177-RA
OG0011823	Porites_astreoides_BBBMv1	Porites_astreoides_BBBMv1___40035-RA
OG0011823	Porites_australiensis_SLJPv1	Porites_australiensis_SLJPv1___s0021.g57.t1
OG0011823	Porites_australiensis_SLJPv1	Porites_australiensis_SLJPv1___s0021.g58.t1
OG0011823	Porites_compressa_KBHIv1	Porites_compressa_KBHIv1___RNAseq.g557.t1
OG0011823	Porites_compressa_KBHIv1	Porites_compressa_KBHIv1___RNAseq.g558.t1
OG0011823	Porites_evermanni_NAPFv1	Porites_evermanni_NAPFv1___00028075
OG0011823	Porites_lobata_NAPFv3	Porites_lobata_NAPFv3___00039613
OG0011823	Porites_lobata_REEFv1	Porites_lobata_REEFv1___15656
OG0011823	Porites_lobata_REEFv1	Porites_lobata_REEFv1___25525
OG0011823	Porites_lutea_OIAUv1.1	Porites_lutea_OIAUv1.1___m8.9639.m1
OG0011823	Porites_rus_NAIDv1	Porites_rus_NAIDv1___21256_t
OG0012158	Acropora_acuminata_SLJPv1	Acropora_acuminata_SLJPv1___s0001.g43.t1
OG0012158	Acropora_awi_SLJPv1	Acropora_awi_SLJPv1___s0003.g109.t1
OG0012158	Acropora_cytherea_SLJPv1	Acropora_cytherea_SLJPv1___s0022.g46.t1
OG0012158	Acropora_digitifera_SLJPv2	Acropora_digitifera_SLJPv2___s0028.g229.t1
OG0012158	Acropora_echinata_SLJPv1	Acropora_echinata_SLJPv1___s0084.g73.t1
OG0012158	Acropora_florida_SLJPv1	Acropora_florida_SLJPv1___s0129.g65.t1
OG0012158	Acropora_gemmifera_SLJPv1	Acropora_gemmifera_SLJPv1___s0058.g89.t1
OG0012158	Acropora_hyacinthus_SLJPv1	Acropora_hyacinthus_SLJPv1___s0044.g64.t1
OG0012158	Acropora_intermedia_SLJPv1	Acropora_intermedia_SLJPv1___s0110.g12.t1
OG0012158	Acropora_microphthalma_SLJPv1	Acropora_microphthalma_SLJPv1___s0067.g38.t1
OG0012158	Acropora_muricata_SLJPv1	Acropora_muricata_SLJPv1___s0158.g38.t1
OG0012158	Acropora_nasuta_SLJPv1	Acropora_nasuta_SLJPv1___s0004.g139.t1
OG0012158	Acropora_selago_SLJPv1	Acropora_selago_SLJPv1___s0040.g33.t1
OG0012158	Acropora_tenuis_SLJPv1	Acropora_tenuis_SLJPv1___s0083.g37.t1
OG0012158	Acropora_yongei_SLJPv1	Acropora_yongei_SLJPv1___s0034.g53.t1
OG0012158	Astreopora_myriophthalma_SLJPv2	Astreopora_myriophthalma_SLJPv2___sc0000073.g0076.t1
OG0012158	Favia_sp_REEFv1	Favia_sp_REEFv1___56917
OG0012158	Fungia_scutaria_REEFv1	Fungia_scutaria_REEFv1___3347
OG0012158	Fungia_spp_REEFv1	Fungia_spp_REEFv1___m4.15938.m1
OG0012158	Galaxea_fascicularis_REEFv1	Galaxea_fascicularis_REEFv1___m1.7283.m1
OG0012158	Montastrea_cavernosa_FGUSv2	Montastrea_cavernosa_FGUSv2___10781-RA
OG0012158	Montipora_cactus_SLJPv2	Montipora_cactus_SLJPv2___sc0000038.g0050.t1
OG0012158	Montipora_capitata_KBHIv3	Montipora_capitata_KBHIv3___RNAseq.g19664.t1
OG0012158	Montipora_capitata_WTHIv1.1	Montipora_capitata_WTHIv1.1___g10213.t1
OG0012158	Platygyra_carnosus_REEFv1	Platygyra_carnosus_REEFv1___68666
OG0012158	Pocillopora_acuta_KBHIv2	Pocillopora_acuta_KBHIv2___RNAseq.g11253.t1
OG0012158	Pocillopora_acuta_LBIDv1	Pocillopora_acuta_LBIDv1___TCONS_00018575.p2
OG0012158	Pocillopora_cf_effusa_NAPFv3	Pocillopora_cf_effusa_NAPFv3___00021242
OG0012158	Pocillopora_damicornis_SIPAv1	Pocillopora_damicornis_SIPAv1___00013889-RA
OG0012158	Pocillopora_meandrina_KBHIv1	Pocillopora_meandrina_KBHIv1___RNAseq.g2454.t1
OG0012158	Pocillopora_verrucosa_RSSAv1	Pocillopora_verrucosa_RSSAv1___g13825.t1
OG0012158	Pocillopora_verrucosa_XSCSv1	Pocillopora_verrucosa_XSCSv1___transcript_HQ_E1_1_transcript24571_f2p0_657_m.897
OG0012158	Porites_astreoides_BBBMv1	Porites_astreoides_BBBMv1___28472-RA
OG0012158	Porites_astreoides_BBBMv1	Porites_astreoides_BBBMv1___29302-RA
OG0012158	Porites_australiensis_SLJPv1	Porites_australiensis_SLJPv1___s0045.g42.t1
OG0012158	Porites_compressa_KBHIv1	Porites_compressa_KBHIv1___RNAseq.g5134.t1
OG0012158	Porites_lutea_OIAUv1.1	Porites_lutea_OIAUv1.1___m8.1711.m1
OG0012158	Stylophora_pistillata_GAJOv1	Stylophora_pistillata_GAJOv1___3066
OG0012405	Acropora_acuminata_SLJPv1	Acropora_acuminata_SLJPv1___s0040.g46.t1
OG0012405	Acropora_awi_SLJPv1	Acropora_awi_SLJPv1___s0015.g47.t1
OG0012405	Acropora_cytherea_SLJPv1	Acropora_cytherea_SLJPv1___s0047.g105.t1
OG0012405	Acropora_digitifera_SLJPv2	Acropora_digitifera_SLJPv2___s0002.g243.t1
OG0012405	Acropora_echinata_SLJPv1	Acropora_echinata_SLJPv1___s0011.g144.t1
OG0012405	Acropora_florida_SLJPv1	Acropora_florida_SLJPv1___s0003.g6.t1
OG0012405	Acropora_gemmifera_SLJPv1	Acropora_gemmifera_SLJPv1___s0002.g325.t1
OG0012405	Acropora_intermedia_SLJPv1	Acropora_intermedia_SLJPv1___s0055.g86.t1
OG0012405	Acropora_microphthalma_SLJPv1	Acropora_microphthalma_SLJPv1___s0018.g148.t1
OG0012405	Acropora_millepora_JSIDv2.1	Acropora_millepora_JSIDv2.1___XP_029191452.1
OG0012405	Acropora_muricata_SLJPv1	Acropora_muricata_SLJPv1___s0050.g47.t1
OG0012405	Acropora_nasuta_SLJPv1	Acropora_nasuta_SLJPv1___s0015.g294.t1
OG0012405	Acropora_selago_SLJPv1	Acropora_selago_SLJPv1___s0060.g45.t1
OG0012405	Acropora_tenuis_SLJPv1	Acropora_tenuis_SLJPv1___s0009.g133.t1
OG0012405	Acropora_yongei_SLJPv1	Acropora_yongei_SLJPv1___s0048.g36.t1
OG0012405	Astreopora_myriophthalma_SLJPv2	Astreopora_myriophthalma_SLJPv2___sc0000028.g0231.t1
OG0012405	Fungia_spp_REEFv1	Fungia_spp_REEFv1___m4.27294.m1
OG0012405	Galaxea_fascicularis_REEFv1	Galaxea_fascicularis_REEFv1___m1.8043.m1
OG0012405	Goniastrea_aspera_REEFv1	Goniastrea_aspera_REEFv1___m1b.12601.m1
OG0012405	Madracis_auretenra_REEFv1	Madracis_auretenra_REEFv1___8630
OG0012405	Montipora_cactus_SLJPv2	Montipora_cactus_SLJPv2___sc0000001.g0076.t1
OG0012405	Montipora_capitata_KBHIv3	Montipora_capitata_KBHIv3___RNAseq.g8960.t1
OG0012405	Montipora_efflorescens_SLJPv2	Montipora_efflorescens_SLJPv2___sc0000085.g0088.t1
OG0012405	Orbicella_faveolata_NAPAv1	Orbicella_faveolata_NAPAv1___XP_020628696.1
OG0012405	Platygyra_sinensis_SDTHv1	Platygyra_sinensis_SDTHv1___evm.model.contig_24023.4
OG0012405	Pocillopora_acuta_KBHIv2	Pocillopora_acuta_KBHIv2___RNAseq.g15985.t1
OG0012405	Pocillopora_cf_effusa_NAPFv3	Pocillopora_cf_effusa_NAPFv3___00002918
OG0012405	Pocillopora_damicornis_SIPAv1	Pocillopora_damicornis_SIPAv1___00012901-RA
OG0012405	Pocillopora_meandrina_KBHIv1	Pocillopora_meandrina_KBHIv1___RNAseq.g22536.t1
OG0012405	Pocillopora_verrucosa_RSSAv1	Pocillopora_verrucosa_RSSAv1___g5024.t1
OG0012405	Porites_astreoides_BBBMv1	Porites_astreoides_BBBMv1___16484-RA
OG0012405	Porites_australiensis_SLJPv1	Porites_australiensis_SLJPv1___s0248.g6.t1
OG0012405	Porites_compressa_KBHIv1	Porites_compressa_KBHIv1___TS.g24574.t1
OG0012405	Porites_evermanni_NAPFv1	Porites_evermanni_NAPFv1___00021211
OG0012405	Porites_lobata_NAPFv3	Porites_lobata_NAPFv3___00017822
OG0012405	Porites_lutea_OIAUv1.1	Porites_lutea_OIAUv1.1___Sc0000132.3
OG0012414	Acropora_acuminata_SLJPv1	Acropora_acuminata_SLJPv1___s0073.g57.t1
OG0012414	Acropora_awi_SLJPv1	Acropora_awi_SLJPv1___s0030.g67.t1
OG0012414	Acropora_cytherea_SLJPv1	Acropora_cytherea_SLJPv1___s0028.g52.t1
OG0012414	Acropora_digitifera_SLJPv2	Acropora_digitifera_SLJPv2___s0098.g93.t1
OG0012414	Acropora_echinata_SLJPv1	Acropora_echinata_SLJPv1___s0030.g44.t1
OG0012414	Acropora_florida_SLJPv1	Acropora_florida_SLJPv1___s0032.g69.t1
OG0012414	Acropora_gemmifera_SLJPv1	Acropora_gemmifera_SLJPv1___s0023.g117.t1
OG0012414	Acropora_hyacinthus_SLJPv1	Acropora_hyacinthus_SLJPv1___s0184.g46.t1
OG0012414	Acropora_intermedia_SLJPv1	Acropora_intermedia_SLJPv1___s0002.g104.t1
OG0012414	Acropora_microphthalma_SLJPv1	Acropora_microphthalma_SLJPv1___s0143.g13.t1
OG0012414	Acropora_millepora_JSIDv2.1	Acropora_millepora_JSIDv2.1___XP_029190046.2
OG0012414	Acropora_muricata_SLJPv1	Acropora_muricata_SLJPv1___s0094.g47.t1
OG0012414	Acropora_nasuta_SLJPv1	Acropora_nasuta_SLJPv1___s0162.g47.t1
OG0012414	Acropora_selago_SLJPv1	Acropora_selago_SLJPv1___s0074.g13.t1
OG0012414	Acropora_tenuis_SLJPv1	Acropora_tenuis_SLJPv1___s0135.g22.t1
OG0012414	Fungia_spp_REEFv1	Fungia_spp_REEFv1___m4.28216.m1
OG0012414	Montipora_cactus_SLJPv2	Montipora_cactus_SLJPv2___sc0000005.g0104.t1
OG0012414	Montipora_capitata_KBHIv3	Montipora_capitata_KBHIv3___RNAseq.401_t
OG0012414	Montipora_efflorescens_SLJPv2	Montipora_efflorescens_SLJPv2___sc0000455.g0010.t1
OG0012414	Pachyseris_speciosa_OIAUv0.12	Pachyseris_speciosa_OIAUv0.12___0.1.m1.65607.m1
OG0012414	Platygyra_sinensis_SDTHv1	Platygyra_sinensis_SDTHv1___evm.model.contig_51683.1
OG0012414	Pocillopora_acuta_KBHIv2	Pocillopora_acuta_KBHIv2___RNAseq.16791_t
OG0012414	Pocillopora_acuta_KBHIv2	Pocillopora_acuta_KBHIv2___TS.g5963.t1
OG0012414	Pocillopora_acuta_LBIDv1	Pocillopora_acuta_LBIDv1___TCONS_00005314.p1
OG0012414	Pocillopora_cf_effusa_NAPFv3	Pocillopora_cf_effusa_NAPFv3___00025662
OG0012414	Pocillopora_meandrina_KBHIv1	Pocillopora_meandrina_KBHIv1___RNAseq.g28559.t1
OG0012414	Pocillopora_verrucosa_RSSAv1	Pocillopora_verrucosa_RSSAv1___g16370.t1
OG0012414	Porites_australiensis_SLJPv1	Porites_australiensis_SLJPv1___s0167.g19.t1
OG0012414	Porites_compressa_KBHIv1	Porites_compressa_KBHIv1___RNAseq.g34073.t1
OG0012414	Porites_compressa_KBHIv1	Porites_compressa_KBHIv1___TS.g35869.t1
OG0012414	Porites_evermanni_NAPFv1	Porites_evermanni_NAPFv1___00028768
OG0012414	Porites_evermanni_NAPFv1	Porites_evermanni_NAPFv1___00028769
OG0012414	Porites_lobata_NAPFv3	Porites_lobata_NAPFv3___00045973
OG0012414	Porites_lobata_NAPFv3	Porites_lobata_NAPFv3___00045975
OG0012414	Porites_rus_NAIDv1	Porites_rus_NAIDv1___23796_t
OG0012414	Porites_rus_NAIDv1	Porites_rus_NAIDv1___23797_t
OG0012566	Acropora_acuminata_SLJPv1	Acropora_acuminata_SLJPv1___s0349.g5.t1
OG0012566	Acropora_awi_SLJPv1	Acropora_awi_SLJPv1___s0078.g4.t1
OG0012566	Acropora_cytherea_SLJPv1	Acropora_cytherea_SLJPv1___s0212.g22.t1
OG0012566	Acropora_digitifera_SLJPv2	Acropora_digitifera_SLJPv2___s0168.g19.t1
OG0012566	Acropora_echinata_SLJPv1	Acropora_echinata_SLJPv1___s0073.g55.t1
OG0012566	Acropora_florida_SLJPv1	Acropora_florida_SLJPv1___s0320.g18.t1
OG0012566	Acropora_gemmifera_SLJPv1	Acropora_gemmifera_SLJPv1___s0180.g24.t1
OG0012566	Acropora_hyacinthus_SLJPv1	Acropora_hyacinthus_SLJPv1___s0261.g25.t1
OG0012566	Acropora_intermedia_SLJPv1	Acropora_intermedia_SLJPv1___s0222.g15.t1
OG0012566	Acropora_microphthalma_SLJPv1	Acropora_microphthalma_SLJPv1___s0170.g7.t1
OG0012566	Acropora_millepora_JSIDv2.1	Acropora_millepora_JSIDv2.1___XP_029203275.2
OG0012566	Acropora_muricata_SLJPv1	Acropora_muricata_SLJPv1___s0788.g1.t1
OG0012566	Acropora_nasuta_SLJPv1	Acropora_nasuta_SLJPv1___s0335.g4.t1
OG0012566	Acropora_selago_SLJPv1	Acropora_selago_SLJPv1___s0038.g25.t1
OG0012566	Acropora_tenuis_SLJPv1	Acropora_tenuis_SLJPv1___s0433.g8.t1
OG0012566	Acropora_yongei_SLJPv1	Acropora_yongei_SLJPv1___s0004.g633.t1
OG0012566	Fungia_spp_REEFv1	Fungia_spp_REEFv1___m4.20988.m1
OG0012566	Goniastrea_aspera_REEFv1	Goniastrea_aspera_REEFv1___m1b.16387.m1
OG0012566	Madracis_auretenra_REEFv1	Madracis_auretenra_REEFv1___27771
OG0012566	Montipora_capitata_KBHIv3	Montipora_capitata_KBHIv3___TS.g39589.t1
OG0012566	Montipora_capitata_WTHIv1.1	Montipora_capitata_WTHIv1.1___g5829.t1
OG0012566	Montipora_efflorescens_SLJPv2	Montipora_efflorescens_SLJPv2___sc0000225.g0010.t1
OG0012566	Pachyseris_speciosa_OIAUv0.12	Pachyseris_speciosa_OIAUv0.12___0.1.m1.9312.m1
OG0012566	Pocillopora_acuta_KBHIv2	Pocillopora_acuta_KBHIv2___RNAseq.g31066.t1
OG0012566	Pocillopora_cf_effusa_NAPFv3	Pocillopora_cf_effusa_NAPFv3___00011177
OG0012566	Pocillopora_damicornis_SIPAv1	Pocillopora_damicornis_SIPAv1___00024237-RA
OG0012566	Pocillopora_meandrina_KBHIv1	Pocillopora_meandrina_KBHIv1___RNAseq.g2933.t1
OG0012566	Pocillopora_verrucosa_RSSAv1	Pocillopora_verrucosa_RSSAv1___g7300.t1
OG0012566	Porites_astreoides_BBBMv1	Porites_astreoides_BBBMv1___07204-RA
OG0012566	Porites_australiensis_SLJPv1	Porites_australiensis_SLJPv1___s1105.g14.t1
OG0012566	Porites_compressa_KBHIv1	Porites_compressa_KBHIv1___RNAseq.g2515.t1
OG0012566	Porites_evermanni_NAPFv1	Porites_evermanni_NAPFv1___00010329
OG0012566	Porites_lobata_NAPFv3	Porites_lobata_NAPFv3___00019939
OG0012566	Porites_lutea_OIAUv1.1	Porites_lutea_OIAUv1.1___Sc0000065.82
OG0012566	Porites_rus_NAIDv1	Porites_rus_NAIDv1___16010_t
OG0012986	Acropora_acuminata_SLJPv1	Acropora_acuminata_SLJPv1___s0053.g50.t1
OG0012986	Acropora_awi_SLJPv1	Acropora_awi_SLJPv1___s0006.g135.t1
OG0012986	Acropora_cytherea_SLJPv1	Acropora_cytherea_SLJPv1___s0001.g145.t1
OG0012986	Acropora_digitifera_SLJPv2	Acropora_digitifera_SLJPv2___s0078.g41.t1
OG0012986	Acropora_echinata_SLJPv1	Acropora_echinata_SLJPv1___s0002.g523.t1
OG0012986	Acropora_florida_SLJPv1	Acropora_florida_SLJPv1___s0001.g214.t1
OG0012986	Acropora_gemmifera_SLJPv1	Acropora_gemmifera_SLJPv1___s0061.g10.t1
OG0012986	Acropora_hyacinthus_SLJPv1	Acropora_hyacinthus_SLJPv1___s0035.g140.t1
OG0012986	Acropora_intermedia_SLJPv1	Acropora_intermedia_SLJPv1___s0158.g11.t1
OG0012986	Acropora_microphthalma_SLJPv1	Acropora_microphthalma_SLJPv1___s0010.g137.t1
OG0012986	Acropora_muricata_SLJPv1	Acropora_muricata_SLJPv1___s0046.g98.t1
OG0012986	Acropora_nasuta_SLJPv1	Acropora_nasuta_SLJPv1___s0069.g39.t1
OG0012986	Acropora_selago_SLJPv1	Acropora_selago_SLJPv1___s0004.g77.t1
OG0012986	Acropora_tenuis_SLJPv1	Acropora_tenuis_SLJPv1___s0079.g40.t1
OG0012986	Acropora_yongei_SLJPv1	Acropora_yongei_SLJPv1___s0074.g9.t1
OG0012986	Astreopora_myriophthalma_SLJPv2	Astreopora_myriophthalma_SLJPv2___sc0000019.g0160.t1
OG0012986	Fungia_spp_REEFv1	Fungia_spp_REEFv1___m4.16028.m1
OG0012986	Montastrea_cavernosa_FGUSv2	Montastrea_cavernosa_FGUSv2___34541-RA
OG0012986	Montastrea_cavernosa_FGUSv2	Montastrea_cavernosa_FGUSv2___35086-RA
OG0012986	Montipora_cactus_SLJPv2	Montipora_cactus_SLJPv2___sc0000291.g0029.t1
OG0012986	Montipora_capitata_KBHIv3	Montipora_capitata_KBHIv3___RNAseq.g27762.t1
OG0012986	Montipora_efflorescens_SLJPv2	Montipora_efflorescens_SLJPv2___sc0000004.g0072.t1
OG0012986	Pocillopora_cf_effusa_NAPFv3	Pocillopora_cf_effusa_NAPFv3___00029785
OG0012986	Pocillopora_damicornis_XSCSv1	Pocillopora_damicornis_XSCSv1___transcript_HQ_P2_transcript20780_f12p0_382_m.1227
OG0012986	Pocillopora_verrucosa_RSSAv1	Pocillopora_verrucosa_RSSAv1___g1384.t1
OG0012986	Porites_australiensis_SLJPv1	Porites_australiensis_SLJPv1___s0040.g24.t1
OG0012986	Porites_compressa_KBHIv1	Porites_compressa_KBHIv1___TS.g435.t1
OG0012986	Porites_evermanni_NAPFv1	Porites_evermanni_NAPFv1___00016484
OG0012986	Porites_lobata_NAPFv3	Porites_lobata_NAPFv3___00015857
OG0012986	Porites_lutea_OIAUv1.1	Porites_lutea_OIAUv1.1___m8.11634.m1
OG0012986	Porites_rus_NAIDv1	Porites_rus_NAIDv1___35321_t
OG0012986	Stylophora_pistillata_GAJOv1	Stylophora_pistillata_GAJOv1___14658
OG0012994	Acropora_acuminata_SLJPv1	Acropora_acuminata_SLJPv1___s0093.g7.t1
OG0012994	Acropora_acuminata_SLJPv1	Acropora_acuminata_SLJPv1___s0335.g10.t1
OG0012994	Acropora_awi_SLJPv1	Acropora_awi_SLJPv1___s0079.g22.t1
OG0012994	Acropora_cytherea_SLJPv1	Acropora_cytherea_SLJPv1___s0204.g25.t1
OG0012994	Acropora_digitifera_SLJPv2	Acropora_digitifera_SLJPv2___s0121.g27.t1
OG0012994	Acropora_florida_SLJPv1	Acropora_florida_SLJPv1___s0141.g2.t1
OG0012994	Acropora_gemmifera_SLJPv1	Acropora_gemmifera_SLJPv1___s0132.g29.t1
OG0012994	Acropora_hyacinthus_SLJPv1	Acropora_hyacinthus_SLJPv1___s0043.g22.t1
OG0012994	Acropora_intermedia_SLJPv1	Acropora_intermedia_SLJPv1___s0695.g2.t1
OG0012994	Acropora_microphthalma_SLJPv1	Acropora_microphthalma_SLJPv1___s0302.g1.t1
OG0012994	Acropora_muricata_SLJPv1	Acropora_muricata_SLJPv1___s0169.g25.t1
OG0012994	Acropora_nasuta_SLJPv1	Acropora_nasuta_SLJPv1___s0012.g41.t1
OG0012994	Acropora_selago_SLJPv1	Acropora_selago_SLJPv1___s0389.g7.t1
OG0012994	Acropora_tenuis_SLJPv1	Acropora_tenuis_SLJPv1___s0387.g2.t1
OG0012994	Acropora_yongei_SLJPv1	Acropora_yongei_SLJPv1___s0074.g97.t1
OG0012994	Astreopora_myriophthalma_SLJPv2	Astreopora_myriophthalma_SLJPv2___sc0000151.g0016.t1
OG0012994	Ctenactis_echinata_NAJPv1	Ctenactis_echinata_NAJPv1___GDZV01021842.1.p1
OG0012994	Montipora_cactus_SLJPv2	Montipora_cactus_SLJPv2___sc0000237.g0014.t1
OG0012994	Montipora_capitata_KBHIv3	Montipora_capitata_KBHIv3___RNAseq.g37250.t1
OG0012994	Montipora_capitata_WTHIv1.1	Montipora_capitata_WTHIv1.1___g16539.t1
OG0012994	Montipora_efflorescens_SLJPv2	Montipora_efflorescens_SLJPv2___sc0000130.g0057.t1
OG0012994	Montipora_foliosa_XSCSv1	Montipora_foliosa_XSCSv1___transcript_HQ_E3_1_transcript2465_f2p0_2138_m.863
OG0012994	Orbicella_faveolata_NAPAv1	Orbicella_faveolata_NAPAv1___XP_020625984.1
OG0012994	Platygyra_sinensis_SDTHv1	Platygyra_sinensis_SDTHv1___evm.model.contig_80168.3
OG0012994	Pocillopora_acuta_KBHIv2	Pocillopora_acuta_KBHIv2___RNAseq.g20125.t1
OG0012994	Pocillopora_damicornis_SIPAv1	Pocillopora_damicornis_SIPAv1___00007161-RA
OG0012994	Pocillopora_meandrina_KBHIv1	Pocillopora_meandrina_KBHIv1___TS.g12925.t1
OG0012994	Porites_australiensis_SLJPv1	Porites_australiensis_SLJPv1___s0085.g29.t1
OG0012994	Porites_compressa_KBHIv1	Porites_compressa_KBHIv1___RNAseq.g4349.t1
OG0012994	Porites_evermanni_NAPFv1	Porites_evermanni_NAPFv1___00014535
OG0012994	Porites_lobata_NAPFv3	Porites_lobata_NAPFv3___00030037
OG0012994	Porites_rus_NAIDv1	Porites_rus_NAIDv1___2943_t
OG0013155	Acropora_acuminata_SLJPv1	Acropora_acuminata_SLJPv1___s0059.g43.t1
OG0013155	Acropora_awi_SLJPv1	Acropora_awi_SLJPv1___s1721.g1.t1
OG0013155	Acropora_cytherea_SLJPv1	Acropora_cytherea_SLJPv1___s0024.g46.t1
OG0013155	Acropora_digitifera_SLJPv2	Acropora_digitifera_SLJPv2___s0073.g109.t1
OG0013155	Acropora_echinata_SLJPv1	Acropora_echinata_SLJPv1___s0047.g44.t1
OG0013155	Acropora_florida_SLJPv1	Acropora_florida_SLJPv1___s0030.g56.t1
OG0013155	Acropora_gemmifera_SLJPv1	Acropora_gemmifera_SLJPv1___s0146.g17.t1
OG0013155	Acropora_hyacinthus_SLJPv1	Acropora_hyacinthus_SLJPv1___s0006.g67.t1
OG0013155	Acropora_intermedia_SLJPv1	Acropora_intermedia_SLJPv1___s0870.g6.t1
OG0013155	Acropora_microphthalma_SLJPv1	Acropora_microphthalma_SLJPv1___s0079.g62.t1
OG0013155	Acropora_muricata_SLJPv1	Acropora_muricata_SLJPv1___s0012.g21.t1
OG0013155	Acropora_nasuta_SLJPv1	Acropora_nasuta_SLJPv1___s0026.g98.t1
OG0013155	Acropora_selago_SLJPv1	Acropora_selago_SLJPv1___s0102.g19.t1
OG0013155	Acropora_tenuis_SLJPv1	Acropora_tenuis_SLJPv1___s0007.g106.t1
OG0013155	Astreopora_myriophthalma_SLJPv2	Astreopora_myriophthalma_SLJPv2___sc0000114.g0053.t1
OG0013155	Galaxea_fascicularis_REEFv1	Galaxea_fascicularis_REEFv1___m1.16969.m1
OG0013155	Goniastrea_aspera_REEFv1	Goniastrea_aspera_REEFv1___m1b.20074.m1
OG0013155	Montipora_cactus_SLJPv2	Montipora_cactus_SLJPv2___sc0000306.g0016.t1
OG0013155	Montipora_capitata_KBHIv3	Montipora_capitata_KBHIv3___TS.g38346.t1
OG0013155	Montipora_efflorescens_SLJPv2	Montipora_efflorescens_SLJPv2___sc0000149.g0051.t1
OG0013155	Pocillopora_cf_effusa_NAPFv3	Pocillopora_cf_effusa_NAPFv3___00027680
OG0013155	Pocillopora_damicornis_XSCSv1	Pocillopora_damicornis_XSCSv1___transcript_HQ_P2_transcript19206_f5p0_1168_m.686
OG0013155	Pocillopora_meandrina_KBHIv1	Pocillopora_meandrina_KBHIv1___RNAseq.g4340.t1
OG0013155	Pocillopora_verrucosa_RSSAv1	Pocillopora_verrucosa_RSSAv1___g5572.t1
OG0013155	Pocillopora_verrucosa_XSCSv1	Pocillopora_verrucosa_XSCSv1___transcript_HQ_E1_1_transcript20849_f7p0_1171_m.548
OG0013155	Porites_astreoides_BBBMv1	Porites_astreoides_BBBMv1___36456-RA
OG0013155	Porites_compressa_KBHIv1	Porites_compressa_KBHIv1___RNAseq.g22402.t1
OG0013155	Porites_evermanni_NAPFv1	Porites_evermanni_NAPFv1___00037620
OG0013155	Porites_lobata_NAPFv3	Porites_lobata_NAPFv3___00013451
OG0013155	Porites_lutea_OIAUv1.1	Porites_lutea_OIAUv1.1___m8.21963.m1
OG0013155	Stylophora_pistillata_GAJOv1	Stylophora_pistillata_GAJOv1___15550
OG0013164	Acropora_acuminata_SLJPv1	Acropora_acuminata_SLJPv1___s0218.g15.t1
OG0013164	Acropora_cytherea_SLJPv1	Acropora_cytherea_SLJPv1___s0016.g15.t1
OG0013164	Acropora_digitifera_SLJPv2	Acropora_digitifera_SLJPv2___s0041.g86.t1
OG0013164	Acropora_echinata_SLJPv1	Acropora_echinata_SLJPv1___s0041.g105.t1
OG0013164	Acropora_hyacinthus_SLJPv1	Acropora_hyacinthus_SLJPv1___s0189.g2.t1
OG0013164	Acropora_microphthalma_SLJPv1	Acropora_microphthalma_SLJPv1___s0285.g10.t1
OG0013164	Acropora_muricata_SLJPv1	Acropora_muricata_SLJPv1___s0629.g2.t1
OG0013164	Acropora_muricata_XSCSv1	Acropora_muricata_XSCSv1___transcript_HQ_E2_1_transcript19481_f5p0_1426_m.1199
OG0013164	Acropora_nasuta_SLJPv1	Acropora_nasuta_SLJPv1___s0054.g23.t1
OG0013164	Acropora_selago_SLJPv1	Acropora_selago_SLJPv1___s0043.g45.t1
OG0013164	Acropora_tenuis_SLJPv1	Acropora_tenuis_SLJPv1___s0032.g63.t1
OG0013164	Acropora_yongei_SLJPv1	Acropora_yongei_SLJPv1___s0117.g42.t1
OG0013164	Astreopora_myriophthalma_SLJPv2	Astreopora_myriophthalma_SLJPv2___sc0000054.g0006.t1
OG0013164	Fungia_spp_REEFv1	Fungia_spp_REEFv1___m2b.25682.m1
OG0013164	Goniastrea_aspera_REEFv1	Goniastrea_aspera_REEFv1___m1b.1835.m1
OG0013164	Montipora_cactus_SLJPv2	Montipora_cactus_SLJPv2___sc0000297.g0015.t1
OG0013164	Montipora_capitata_KBHIv3	Montipora_capitata_KBHIv3___RNAseq.g43321.t1
OG0013164	Montipora_foliosa_XSCSv1	Montipora_foliosa_XSCSv1___transcript_HQ_E3_1_transcript8189_f5p0_1500_m.364
OG0013164	Pachyseris_speciosa_OIAUv0.12	Pachyseris_speciosa_OIAUv0.12___0.1.m1.48448.m1
OG0013164	Platygyra_sinensis_SDTHv1	Platygyra_sinensis_SDTHv1___evm.model.contig_63467.3
OG0013164	Pocillopora_acuta_KBHIv2	Pocillopora_acuta_KBHIv2___TS.g30191.t1
OG0013164	Pocillopora_damicornis_XSCSv1	Pocillopora_damicornis_XSCSv1___transcript_HQ_P2_transcript17867_f3p0_1535_m.1121
OG0013164	Pocillopora_meandrina_KBHIv1	Pocillopora_meandrina_KBHIv1___RNAseq.g6625.t1
OG0013164	Pocillopora_verrucosa_XSCSv1	Pocillopora_verrucosa_XSCSv1___transcript_HQ_E1_1_transcript15211_f3p0_1555_m.914
OG0013164	Porites_astreoides_BBBMv1	Porites_astreoides_BBBMv1___34746-RA
OG0013164	Porites_australiensis_SLJPv1	Porites_australiensis_SLJPv1___s0277.g5.t1
OG0013164	Porites_compressa_KBHIv1	Porites_compressa_KBHIv1___RNAseq.g29199.t1
OG0013164	Porites_evermanni_NAPFv1	Porites_evermanni_NAPFv1___00002033
OG0013164	Porites_lobata_NAPFv3	Porites_lobata_NAPFv3___00036293
OG0013164	Porites_lutea_OIAUv1.1	Porites_lutea_OIAUv1.1___Sc0000181.23
OG0013164	Porites_rus_NAIDv1	Porites_rus_NAIDv1___8324_t
